Frame,Total,Densidad,LOS,LOS_Descripcion,Turismos,Motos,Buses,Camiones,Bicis,Velocidad_Media,Incidentes_Detenidos,Incidentes_Frenadas,Incidentes_Conflictos,Incidentes_Total
0,1,57.10463694885298,E,Saturado,0,1,0,0,0,0.0,0,0,0,0
1,0,0.0,A,Libre,0,0,0,0,0,0.0,0,0,0,0
2,0,0.0,A,Libre,0,0,0,0,0,0.0,0,0,0,0
3,0,0.0,A,Libre,0,0,0,0,0,0.0,0,0,0,0
4,0,0.0,A,Libre,0,0,0,0,0,0.0,0,0,0,0
5,0,0.0,A,Libre,0,0,0,0,0,0.0,0,0,0,0
6,0,0.0,A,Libre,0,0,0,0,0,0.0,0,0,0,0
7,0,0.0,A,Libre,0,0,0,0,0,0.0,0,0,0,0
8,0,0.0,A,Libre,0,0,0,0,0,0.0,0,0,0,0
9,0,0.0,A,Libre,0,0,0,0,0,0.0,0,0,0,0
10,0,0.0,A,Libre,0,0,0,0,0,0.0,0,0,0,0
11,0,0.0,A,Libre,0,0,0,0,0,0.0,0,0,0,0
12,0,0.0,A,Libre,0,0,0,0,0,0.0,0,0,0,0
13,0,0.0,A,Libre,0,0,0,0,0,0.0,0,0,0,0
14,0,0.0,A,Libre,0,0,0,0,0,0.0,0,0,0,0
15,0,0.0,A,Libre,0,0,0,0,0,0.0,0,0,0,0
16,0,0.0,A,Libre,0,0,0,0,0,0.0,0,0,0,0
17,0,0.0,A,Libre,0,0,0,0,0,0.0,0,0,0,0
18,0,0.0,A,Libre,0,0,0,0,0,0.0,0,0,0,0
19,0,0.0,A,Libre,0,0,0,0,0,0.0,0,0,0,0
20,0,0.0,A,Libre,0,0,0,0,0,0.0,0,0,0,0
21,0,0.0,A,Libre,0,0,0,0,0,0.0,0,0,0,0
22,0,0.0,A,Libre,0,0,0,0,0,0.0,0,0,0,0
23,0,0.0,A,Libre,0,0,0,0,0,0.0,0,0,0,0
24,0,0.0,A,Libre,0,0,0,0,0,0.0,0,0,0,0
25,0,0.0,A,Libre,0,0,0,0,0,0.0,0,0,0,0
26,0,0.0,A,Libre,0,0,0,0,0,0.0,0,0,0,0
27,0,0.0,A,Libre,0,0,0,0,0,0.0,0,0,0,0
28,0,0.0,A,Libre,0,0,0,0,0,0.0,0,0,0,0
29,0,0.0,A,Libre,0,0,0,0,0,0.0,0,0,0,0
30,0,0.0,A,Libre,0,0,0,0,0,0.0,0,0,0,0
31,0,0.0,A,Libre,0,0,0,0,0,0.0,0,0,0,0
32,0,0.0,A,Libre,0,0,0,0,0,0.0,0,0,0,0
33,0,0.0,A,Libre,0,0,0,0,0,0.0,0,0,0,0
34,0,0.0,A,Libre,0,0,0,0,0,0.0,0,0,0,0
35,0,0.0,A,Libre,0,0,0,0,0,0.0,0,0,0,0
36,0,0.0,A,Libre,0,0,0,0,0,0.0,0,0,0,0
37,0,0.0,A,Libre,0,0,0,0,0,0.0,0,0,0,0
38,0,0.0,A,Libre,0,0,0,0,0,0.0,0,0,0,0
39,0,0.0,A,Libre,0,0,0,0,0,0.0,0,0,0,0
40,0,0.0,A,Libre,0,0,0,0,0,0.0,0,0,0,0
41,0,0.0,A,Libre,0,0,0,0,0,0.0,0,0,0,0
42,0,0.0,A,Libre,0,0,0,0,0,0.0,0,0,0,0
43,0,0.0,A,Libre,0,0,0,0,0,0.0,0,0,0,0
44,0,0.0,A,Libre,0,0,0,0,0,0.0,0,0,0,0
45,0,0.0,A,Libre,0,0,0,0,0,0.0,0,0,0,0
46,0,0.0,A,Libre,0,0,0,0,0,0.0,0,0,0,0
47,0,0.0,A,Libre,0,0,0,0,0,0.0,0,0,0,0
48,0,0.0,A,Libre,0,0,0,0,0,0.0,0,0,0,0
49,0,0.0,A,Libre,0,0,0,0,0,0.0,0,0,0,0
50,0,0.0,A,Libre,0,0,0,0,0,0.0,0,0,0,0
51,0,0.0,A,Libre,0,0,0,0,0,0.0,0,0,0,0
52,0,0.0,A,Libre,0,0,0,0,0,0.0,0,0,0,0
53,0,0.0,A,Libre,0,0,0,0,0,0.0,0,0,0,0
54,0,0.0,A,Libre,0,0,0,0,0,0.0,0,0,0,0
55,0,0.0,A,Libre,0,0,0,0,0,0.0,0,0,0,0
56,0,0.0,A,Libre,0,0,0,0,0,0.0,0,0,0,0
57,0,0.0,A,Libre,0,0,0,0,0,0.0,0,0,0,0
58,0,0.0,A,Libre,0,0,0,0,0,0.0,0,0,0,0
59,0,0.0,A,Libre,0,0,0,0,0,0.0,0,0,0,0
60,0,0.0,A,Libre,0,0,0,0,0,0.0,0,0,0,0
61,0,0.0,A,Libre,0,0,0,0,0,0.0,0,0,0,0
62,0,0.0,A,Libre,0,0,0,0,0,0.0,0,0,0,0
63,0,0.0,A,Libre,0,0,0,0,0,0.0,0,0,0,0
64,0,0.0,A,Libre,0,0,0,0,0,0.0,0,0,0,0
65,0,0.0,A,Libre,0,0,0,0,0,0.0,0,0,0,0
66,0,0.0,A,Libre,0,0,0,0,0,0.0,0,0,0,0
67,0,0.0,A,Libre,0,0,0,0,0,0.0,0,0,0,0
68,0,0.0,A,Libre,0,0,0,0,0,0.0,0,0,0,0
69,0,0.0,A,Libre,0,0,0,0,0,0.0,0,0,0,0
70,0,0.0,A,Libre,0,0,0,0,0,0.0,0,0,0,0
71,0,0.0,A,Libre,0,0,0,0,0,0.0,0,0,0,0
72,0,0.0,A,Libre,0,0,0,0,0,0.0,0,0,0,0
73,0,0.0,A,Libre,0,0,0,0,0,0.0,0,0,0,0
74,0,0.0,A,Libre,0,0,0,0,0,0.0,0,0,0,0
75,0,0.0,A,Libre,0,0,0,0,0,0.0,0,0,0,0
76,0,0.0,A,Libre,0,0,0,0,0,0.0,0,0,0,0
77,0,0.0,A,Libre,0,0,0,0,0,0.0,0,0,0,0
78,0,0.0,A,Libre,0,0,0,0,0,0.0,0,0,0,0
79,0,0.0,A,Libre,0,0,0,0,0,0.0,0,0,0,0
80,0,0.0,A,Libre,0,0,0,0,0,0.0,0,0,0,0
81,0,0.0,A,Libre,0,0,0,0,0,0.0,0,0,0,0
82,0,0.0,A,Libre,0,0,0,0,0,0.0,0,0,0,0
83,0,0.0,A,Libre,0,0,0,0,0,0.0,0,0,0,0
84,0,0.0,A,Libre,0,0,0,0,0,0.0,0,0,0,0
85,0,0.0,A,Libre,0,0,0,0,0,0.0,0,0,0,0
86,0,0.0,A,Libre,0,0,0,0,0,0.0,0,0,0,0
87,0,0.0,A,Libre,0,0,0,0,0,0.0,0,0,0,0
88,0,0.0,A,Libre,0,0,0,0,0,0.0,0,0,0,0
89,0,0.0,A,Libre,0,0,0,0,0,0.0,0,0,0,0
90,0,0.0,A,Libre,0,0,0,0,0,0.0,0,0,0,0
91,0,0.0,A,Libre,0,0,0,0,0,0.0,0,0,0,0
92,0,0.0,A,Libre,0,0,0,0,0,0.0,0,0,0,0
93,0,0.0,A,Libre,0,0,0,0,0,0.0,0,0,0,0
94,0,0.0,A,Libre,0,0,0,0,0,0.0,0,0,0,0
95,0,0.0,A,Libre,0,0,0,0,0,0.0,0,0,0,0
96,0,0.0,A,Libre,0,0,0,0,0,0.0,0,0,0,0
97,0,0.0,A,Libre,0,0,0,0,0,0.0,0,0,0,0
98,0,0.0,A,Libre,0,0,0,0,0,0.0,0,0,0,0
99,0,0.0,A,Libre,0,0,0,0,0,0.0,0,0,0,0
100,0,0.0,A,Libre,0,0,0,0,0,0.0,0,0,0,0
101,0,0.0,A,Libre,0,0,0,0,0,0.0,0,0,0,0
102,0,0.0,A,Libre,0,0,0,0,0,0.0,0,0,0,0
103,0,0.0,A,Libre,0,0,0,0,0,0.0,0,0,0,0
104,0,0.0,A,Libre,0,0,0,0,0,0.0,0,0,0,0
105,0,0.0,A,Libre,0,0,0,0,0,0.0,0,0,0,0
106,0,0.0,A,Libre,0,0,0,0,0,0.0,0,0,0,0
107,0,0.0,A,Libre,0,0,0,0,0,0.0,0,0,0,0
108,0,0.0,A,Libre,0,0,0,0,0,0.0,0,0,0,0
109,0,0.0,A,Libre,0,0,0,0,0,0.0,0,0,0,0
110,0,0.0,A,Libre,0,0,0,0,0,0.0,0,0,0,0
111,0,0.0,A,Libre,0,0,0,0,0,0.0,0,0,0,0
112,0,0.0,A,Libre,0,0,0,0,0,0.0,0,0,0,0
113,0,0.0,A,Libre,0,0,0,0,0,0.0,0,0,0,0
114,0,0.0,A,Libre,0,0,0,0,0,0.0,0,0,0,0
115,0,0.0,A,Libre,0,0,0,0,0,0.0,0,0,0,0
116,0,0.0,A,Libre,0,0,0,0,0,0.0,0,0,0,0
117,0,0.0,A,Libre,0,0,0,0,0,0.0,0,0,0,0
118,0,0.0,A,Libre,0,0,0,0,0,0.0,0,0,0,0
119,0,0.0,A,Libre,0,0,0,0,0,0.0,0,0,0,0
120,0,0.0,A,Libre,0,0,0,0,0,0.0,0,0,0,0
121,0,0.0,A,Libre,0,0,0,0,0,0.0,0,0,0,0
122,0,0.0,A,Libre,0,0,0,0,0,0.0,0,0,0,0
123,0,0.0,A,Libre,0,0,0,0,0,0.0,0,0,0,0
124,0,0.0,A,Libre,0,0,0,0,0,0.0,0,0,0,0
125,0,0.0,A,Libre,0,0,0,0,0,0.0,0,0,0,0
126,0,0.0,A,Libre,0,0,0,0,0,0.0,0,0,0,0
127,0,0.0,A,Libre,0,0,0,0,0,0.0,0,0,0,0
128,0,0.0,A,Libre,0,0,0,0,0,0.0,0,0,0,0
129,0,0.0,A,Libre,0,0,0,0,0,0.0,0,0,0,0
130,0,0.0,A,Libre,0,0,0,0,0,0.0,0,0,0,0
131,0,0.0,A,Libre,0,0,0,0,0,0.0,0,0,0,0
132,0,0.0,A,Libre,0,0,0,0,0,0.0,0,0,0,0
133,0,0.0,A,Libre,0,0,0,0,0,0.0,0,0,0,0
134,0,0.0,A,Libre,0,0,0,0,0,0.0,0,0,0,0
135,0,0.0,A,Libre,0,0,0,0,0,0.0,0,0,0,0
136,0,0.0,A,Libre,0,0,0,0,0,0.0,0,0,0,0
137,0,0.0,A,Libre,0,0,0,0,0,0.0,0,0,0,0
138,0,0.0,A,Libre,0,0,0,0,0,0.0,0,0,0,0
139,0,0.0,A,Libre,0,0,0,0,0,0.0,0,0,0,0
140,0,0.0,A,Libre,0,0,0,0,0,0.0,0,0,0,0
141,0,0.0,A,Libre,0,0,0,0,0,0.0,0,0,0,0
142,0,0.0,A,Libre,0,0,0,0,0,0.0,0,0,0,0
143,0,0.0,A,Libre,0,0,0,0,0,0.0,0,0,0,0
144,0,0.0,A,Libre,0,0,0,0,0,0.0,0,0,0,0
145,0,0.0,A,Libre,0,0,0,0,0,0.0,0,0,0,0
146,0,0.0,A,Libre,0,0,0,0,0,0.0,0,0,0,0
147,0,0.0,A,Libre,0,0,0,0,0,0.0,0,0,0,0
148,0,0.0,A,Libre,0,0,0,0,0,0.0,0,0,0,0
149,0,0.0,A,Libre,0,0,0,0,0,0.0,0,0,0,0
150,0,0.0,A,Libre,0,0,0,0,0,0.0,0,0,0,0
151,0,0.0,A,Libre,0,0,0,0,0,0.0,0,0,0,0
152,0,0.0,A,Libre,0,0,0,0,0,0.0,0,0,0,0
153,0,0.0,A,Libre,0,0,0,0,0,0.0,0,0,0,0
154,0,0.0,A,Libre,0,0,0,0,0,0.0,0,0,0,0
155,0,0.0,A,Libre,0,0,0,0,0,0.0,0,0,0,0
156,0,0.0,A,Libre,0,0,0,0,0,0.0,0,0,0,0
157,0,0.0,A,Libre,0,0,0,0,0,0.0,0,0,0,0
158,0,0.0,A,Libre,0,0,0,0,0,0.0,0,0,0,0
159,0,0.0,A,Libre,0,0,0,0,0,0.0,0,0,0,0
160,0,0.0,A,Libre,0,0,0,0,0,0.0,0,0,0,0
161,0,0.0,A,Libre,0,0,0,0,0,0.0,0,0,0,0
162,0,0.0,A,Libre,0,0,0,0,0,0.0,0,0,0,0
163,0,0.0,A,Libre,0,0,0,0,0,0.0,0,0,0,0
164,0,0.0,A,Libre,0,0,0,0,0,0.0,0,0,0,0
165,0,0.0,A,Libre,0,0,0,0,0,0.0,0,0,0,0
166,0,0.0,A,Libre,0,0,0,0,0,0.0,0,0,0,0
167,0,0.0,A,Libre,0,0,0,0,0,0.0,0,0,0,0
168,0,0.0,A,Libre,0,0,0,0,0,0.0,0,0,0,0
169,0,0.0,A,Libre,0,0,0,0,0,0.0,0,0,0,0
170,0,0.0,A,Libre,0,0,0,0,0,0.0,0,0,0,0
171,0,0.0,A,Libre,0,0,0,0,0,0.0,0,0,0,0
172,0,0.0,A,Libre,0,0,0,0,0,0.0,0,0,0,0
173,0,0.0,A,Libre,0,0,0,0,0,0.0,0,0,0,0
174,0,0.0,A,Libre,0,0,0,0,0,0.0,0,0,0,0
175,0,0.0,A,Libre,0,0,0,0,0,0.0,0,0,0,0
176,0,0.0,A,Libre,0,0,0,0,0,0.0,0,0,0,0
177,0,0.0,A,Libre,0,0,0,0,0,0.0,0,0,0,0
178,0,0.0,A,Libre,0,0,0,0,0,0.0,0,0,0,0
179,0,0.0,A,Libre,0,0,0,0,0,0.0,0,0,0,0
180,0,0.0,A,Libre,0,0,0,0,0,0.0,0,0,0,0
181,0,0.0,A,Libre,0,0,0,0,0,0.0,0,0,0,0
182,0,0.0,A,Libre,0,0,0,0,0,0.0,0,0,0,0
183,1,57.10463694885298,E,Saturado,1,0,0,0,0,0.0,0,0,0,0
184,1,57.10463694885298,E,Saturado,1,0,0,0,0,38.27769086224739,0,0,0,0
185,1,57.10463694885298,E,Saturado,1,0,0,0,0,41.89758730858237,0,0,0,0
186,1,57.10463694885298,E,Saturado,1,0,0,0,0,43.33023583433256,0,0,0,0
187,1,57.10463694885298,E,Saturado,1,0,0,0,0,44.31455900976184,0,0,0,0
188,1,57.10463694885298,E,Saturado,1,0,0,0,0,44.874734602121535,0,0,0,0
189,1,57.10463694885298,E,Saturado,1,0,0,0,0,45.449737232896055,0,0,0,0
190,1,57.10463694885298,E,Saturado,1,0,0,0,0,45.995892466838356,0,0,0,0
191,1,57.10463694885298,E,Saturado,1,0,0,0,0,46.69529819307969,0,0,0,0
192,1,57.10463694885298,E,Saturado,1,0,0,0,0,47.349527917626745,0,0,0,0
193,1,57.10463694885298,E,Saturado,1,0,0,0,0,49.15726107267705,0,0,0,0
194,1,57.10463694885298,E,Saturado,1,0,0,0,0,50.22005869815561,0,0,0,0
195,1,57.10463694885298,E,Saturado,1,0,0,0,0,51.59582101162858,0,0,0,0
196,1,57.10463694885298,E,Saturado,1,0,0,0,0,52.819835237496726,0,0,0,0
197,1,57.10463694885298,E,Saturado,1,0,0,0,0,54.5441636180502,0,0,0,0
198,1,57.10463694885298,E,Saturado,1,0,0,0,0,56.20055227083491,0,0,0,0
199,1,57.10463694885298,E,Saturado,1,0,0,0,0,58.05520150601035,0,0,0,0
200,1,57.10463694885298,E,Saturado,1,0,0,0,0,59.69919636787669,0,0,0,0
201,1,57.10463694885298,E,Saturado,1,0,0,0,0,61.66909927167131,0,0,0,0
202,1,57.10463694885298,E,Saturado,1,0,0,0,0,63.748926227758936,0,0,0,0
203,1,57.10463694885298,E,Saturado,1,0,0,0,0,65.99914634166902,0,0,0,0
204,1,57.10463694885298,E,Saturado,1,0,0,0,0,68.18712271947953,0,0,0,0
205,1,57.10463694885298,E,Saturado,1,0,0,0,0,70.85183928846412,0,0,0,0
206,1,57.10463694885298,E,Saturado,1,0,0,0,0,73.29199639492892,0,0,0,0
207,1,57.10463694885298,E,Saturado,1,0,0,0,0,75.92056202181185,0,0,0,0
208,1,57.10463694885298,E,Saturado,1,0,0,0,0,78.77215291446392,0,0,0,0
209,1,57.10463694885298,E,Saturado,1,0,0,0,0,81.73642712371502,0,0,0,0
210,1,57.10463694885298,E,Saturado,1,0,0,0,0,84.8841466124024,0,0,0,0
211,1,57.10463694885298,E,Saturado,1,0,0,0,0,88.25944243557906,0,0,0,0
212,1,57.10463694885298,E,Saturado,1,0,0,0,0,91.72324080268098,0,0,0,0
213,1,57.10463694885298,E,Saturado,1,0,0,0,0,95.30514942115842,0,0,0,0
214,1,57.10463694885298,E,Saturado,1,0,0,0,0,99.04656298021703,0,0,0,0
215,1,57.10463694885298,E,Saturado,1,0,0,0,0,103.20625124008073,0,0,0,0
216,1,57.10463694885298,E,Saturado,1,0,0,0,0,107.49217870425522,0,0,0,0
217,1,57.10463694885298,E,Saturado,1,0,0,0,0,111.92740412092424,0,0,0,0
218,1,57.10463694885298,E,Saturado,1,0,0,0,0,117.0495146113645,0,0,0,0
219,1,57.10463694885298,E,Saturado,1,0,0,0,0,122.24838073627755,0,0,0,0
220,1,57.10463694885298,E,Saturado,1,0,0,0,0,127.56389161119198,0,0,0,0
221,1,57.10463694885298,E,Saturado,1,0,0,0,0,133.46323304527593,0,0,0,0
222,1,57.10463694885298,E,Saturado,1,0,0,0,0,139.56473352439025,0,0,0,0
223,1,57.10463694885298,E,Saturado,1,0,0,0,0,145.91060635765035,0,0,0,0
224,1,57.10463694885298,E,Saturado,1,0,0,0,0,152.2703900047353,0,0,0,0
225,1,57.10463694885298,E,Saturado,1,0,0,0,0,158.88357944802954,0,0,0,0
226,1,57.10463694885298,E,Saturado,1,0,0,0,0,165.72818071769078,0,0,0,0
227,1,57.10463694885298,E,Saturado,1,0,0,0,0,172.1928164084067,0,0,0,0
228,1,57.10463694885298,E,Saturado,1,0,0,0,0,178.4146826371057,0,0,0,0
229,1,57.10463694885298,E,Saturado,1,0,0,0,0,178.43341357654393,0,0,0,0
230,1,57.10463694885298,E,Saturado,1,0,0,0,0,173.75460580256447,0,0,0,0
231,0,0.0,A,Libre,0,0,0,0,0,0.0,0,0,0,0
232,0,0.0,A,Libre,0,0,0,0,0,0.0,0,0,0,0
233,0,0.0,A,Libre,0,0,0,0,0,0.0,0,0,0,0
234,0,0.0,A,Libre,0,0,0,0,0,0.0,0,0,0,0
235,0,0.0,A,Libre,0,0,0,0,0,0.0,0,0,0,0
236,0,0.0,A,Libre,0,0,0,0,0,0.0,0,0,0,0
237,0,0.0,A,Libre,0,0,0,0,0,0.0,0,0,0,0
238,0,0.0,A,Libre,0,0,0,0,0,0.0,0,0,0,0
239,0,0.0,A,Libre,0,0,0,0,0,0.0,0,0,0,0
240,0,0.0,A,Libre,0,0,0,0,0,0.0,0,0,0,0
241,0,0.0,A,Libre,0,0,0,0,0,0.0,0,0,0,0
242,0,0.0,A,Libre,0,0,0,0,0,0.0,0,0,0,0
243,0,0.0,A,Libre,0,0,0,0,0,0.0,0,0,0,0
244,0,0.0,A,Libre,0,0,0,0,0,0.0,0,0,0,0
245,0,0.0,A,Libre,0,0,0,0,0,0.0,0,0,0,0
246,0,0.0,A,Libre,0,0,0,0,0,0.0,0,0,0,0
247,0,0.0,A,Libre,0,0,0,0,0,0.0,0,0,0,0
248,0,0.0,A,Libre,0,0,0,0,0,0.0,0,0,0,0
249,0,0.0,A,Libre,0,0,0,0,0,0.0,0,0,0,0
250,0,0.0,A,Libre,0,0,0,0,0,0.0,0,0,0,0
251,0,0.0,A,Libre,0,0,0,0,0,0.0,0,0,0,0
252,0,0.0,A,Libre,0,0,0,0,0,0.0,0,0,0,0
253,0,0.0,A,Libre,0,0,0,0,0,0.0,0,0,0,0
254,0,0.0,A,Libre,0,0,0,0,0,0.0,0,0,0,0
255,0,0.0,A,Libre,0,0,0,0,0,0.0,0,0,0,0
256,0,0.0,A,Libre,0,0,0,0,0,0.0,0,0,0,0
257,0,0.0,A,Libre,0,0,0,0,0,0.0,0,0,0,0
258,0,0.0,A,Libre,0,0,0,0,0,0.0,0,0,0,0
259,0,0.0,A,Libre,0,0,0,0,0,0.0,0,0,0,0
260,0,0.0,A,Libre,0,0,0,0,0,0.0,0,0,0,0
261,0,0.0,A,Libre,0,0,0,0,0,0.0,0,0,0,0
262,0,0.0,A,Libre,0,0,0,0,0,0.0,0,0,0,0
263,0,0.0,A,Libre,0,0,0,0,0,0.0,0,0,0,0
264,0,0.0,A,Libre,0,0,0,0,0,0.0,0,0,0,0
265,0,0.0,A,Libre,0,0,0,0,0,0.0,0,0,0,0
266,0,0.0,A,Libre,0,0,0,0,0,0.0,0,0,0,0
267,0,0.0,A,Libre,0,0,0,0,0,0.0,0,0,0,0
268,0,0.0,A,Libre,0,0,0,0,0,0.0,0,0,0,0
269,0,0.0,A,Libre,0,0,0,0,0,0.0,0,0,0,0
270,0,0.0,A,Libre,0,0,0,0,0,0.0,0,0,0,0
271,0,0.0,A,Libre,0,0,0,0,0,0.0,0,0,0,0
272,0,0.0,A,Libre,0,0,0,0,0,0.0,0,0,0,0
273,0,0.0,A,Libre,0,0,0,0,0,0.0,0,0,0,0
274,0,0.0,A,Libre,0,0,0,0,0,0.0,0,0,0,0
275,0,0.0,A,Libre,0,0,0,0,0,0.0,0,0,0,0
276,0,0.0,A,Libre,0,0,0,0,0,0.0,0,0,0,0
277,0,0.0,A,Libre,0,0,0,0,0,0.0,0,0,0,0
278,0,0.0,A,Libre,0,0,0,0,0,0.0,0,0,0,0
279,0,0.0,A,Libre,0,0,0,0,0,0.0,0,0,0,0
280,0,0.0,A,Libre,0,0,0,0,0,0.0,0,0,0,0
281,0,0.0,A,Libre,0,0,0,0,0,0.0,0,0,0,0
282,0,0.0,A,Libre,0,0,0,0,0,0.0,0,0,0,0
283,0,0.0,A,Libre,0,0,0,0,0,0.0,0,0,0,0
284,0,0.0,A,Libre,0,0,0,0,0,0.0,0,0,0,0
285,0,0.0,A,Libre,0,0,0,0,0,0.0,0,0,0,0
286,0,0.0,A,Libre,0,0,0,0,0,0.0,0,0,0,0
287,0,0.0,A,Libre,0,0,0,0,0,0.0,0,0,0,0
288,0,0.0,A,Libre,0,0,0,0,0,0.0,0,0,0,0
289,0,0.0,A,Libre,0,0,0,0,0,0.0,0,0,0,0
290,0,0.0,A,Libre,0,0,0,0,0,0.0,0,0,0,0
291,0,0.0,A,Libre,0,0,0,0,0,0.0,0,0,0,0
292,0,0.0,A,Libre,0,0,0,0,0,0.0,0,0,0,0
293,0,0.0,A,Libre,0,0,0,0,0,0.0,0,0,0,0
294,0,0.0,A,Libre,0,0,0,0,0,0.0,0,0,0,0
295,1,57.10463694885298,E,Saturado,0,1,0,0,0,0.0,0,0,0,0
296,1,57.10463694885298,E,Saturado,0,1,0,0,0,34.360656856529936,0,0,0,0
297,1,57.10463694885298,E,Saturado,0,1,0,0,0,39.11182125634074,0,0,0,0
298,1,57.10463694885298,E,Saturado,0,1,0,0,0,40.75171622068591,0,0,0,0
299,1,57.10463694885298,E,Saturado,0,1,0,0,0,41.05034146432619,0,0,0,0
300,1,57.10463694885298,E,Saturado,0,1,0,0,0,41.59898267355572,0,0,0,0
301,1,57.10463694885298,E,Saturado,0,1,0,0,0,42.45069028254307,0,0,0,0
302,1,57.10463694885298,E,Saturado,0,1,0,0,0,42.85420140637647,0,0,0,0
303,1,57.10463694885298,E,Saturado,0,1,0,0,0,43.386137770662636,0,0,0,0
304,1,57.10463694885298,E,Saturado,0,1,0,0,0,43.90104289496236,0,0,0,0
305,1,57.10463694885298,E,Saturado,0,1,0,0,0,45.67298003402517,0,0,0,0
306,1,57.10463694885298,E,Saturado,0,1,0,0,0,46.13735791966194,0,0,0,0
307,1,57.10463694885298,E,Saturado,0,1,0,0,0,47.24413489790284,0,0,0,0
308,1,57.10463694885298,E,Saturado,0,1,0,0,0,48.22188764676058,0,0,0,0
309,1,57.10463694885298,E,Saturado,0,1,0,0,0,49.44161413618629,0,0,0,0
310,2,114.20927389770596,F,Colapso,0,2,0,0,0,25.29498020219138,0,0,0,0
311,1,57.10463694885298,E,Saturado,0,1,0,0,0,51.99508999148681,0,0,0,0
312,1,57.10463694885298,E,Saturado,0,1,0,0,0,54.09238847176976,0,0,0,0
313,1,57.10463694885298,E,Saturado,0,1,0,0,0,55.60331466393736,0,0,0,0
314,1,57.10463694885298,E,Saturado,0,1,0,0,0,57.34894433594916,0,0,0,0
315,1,57.10463694885298,E,Saturado,0,1,0,0,0,59.593428385886845,0,0,0,0
316,1,57.10463694885298,E,Saturado,0,1,0,0,0,61.365511502625594,0,0,0,0
317,1,57.10463694885298,E,Saturado,0,1,0,0,0,63.67637818512234,0,0,0,0
318,1,57.10463694885298,E,Saturado,0,1,0,0,0,65.8137604178351,0,0,0,0
319,1,57.10463694885298,E,Saturado,0,1,0,0,0,68.02615800213886,0,0,0,0
320,1,57.10463694885298,E,Saturado,0,1,0,0,0,70.40897736733875,0,0,0,0
321,1,57.10463694885298,E,Saturado,0,1,0,0,0,71.72636578427836,0,0,0,0
322,1,57.10463694885298,E,Saturado,0,1,0,0,0,74.42599105396516,0,0,0,0
323,1,57.10463694885298,E,Saturado,0,1,0,0,0,76.91971338057884,0,0,0,0
324,1,57.10463694885298,E,Saturado,0,1,0,0,0,79.60208466143051,0,0,0,0
325,1,57.10463694885298,E,Saturado,0,1,0,0,0,82.37128689870251,0,0,0,0
326,1,57.10463694885298,E,Saturado,0,1,0,0,0,85.3389100075782,0,0,0,0
327,1,57.10463694885298,E,Saturado,0,1,0,0,0,88.92768243913238,0,0,0,0
328,1,57.10463694885298,E,Saturado,0,1,0,0,0,92.23181557644004,0,0,0,0
329,1,57.10463694885298,E,Saturado,0,1,0,0,0,95.76556873570019,0,0,0,0
330,0,0.0,A,Libre,0,0,0,0,0,0.0,0,0,0,0
331,1,57.10463694885298,E,Saturado,0,1,0,0,0,101.5668601133907,0,0,0,0
332,1,57.10463694885298,E,Saturado,0,1,0,0,0,105.82138463093119,0,0,0,0
333,1,57.10463694885298,E,Saturado,0,1,0,0,0,110.01987432952289,0,0,0,0
334,1,57.10463694885298,E,Saturado,0,1,0,0,0,1.8085658628774985,0,0,0,0
335,1,57.10463694885298,E,Saturado,0,1,0,0,0,2.1194960317369858,0,0,0,0
336,1,57.10463694885298,E,Saturado,0,1,0,0,0,2.962641455551001,0,0,0,0
337,1,57.10463694885298,E,Saturado,0,1,0,0,0,4.0025723918349705,0,0,0,0
338,1,57.10463694885298,E,Saturado,0,1,0,0,0,5.05443946177599,0,0,0,0
339,1,57.10463694885298,E,Saturado,0,1,0,0,0,6.105583215129223,0,0,0,0
340,1,57.10463694885298,E,Saturado,0,1,0,0,0,7.131497636385531,0,0,0,0
341,1,57.10463694885298,E,Saturado,0,1,0,0,0,8.12111649133151,0,0,0,0
342,1,57.10463694885298,E,Saturado,0,1,0,0,0,9.074278245778006,0,0,0,0
343,1,57.10463694885298,E,Saturado,0,1,0,0,0,35.018461602983855,0,0,0,0
344,1,57.10463694885298,E,Saturado,0,1,0,0,0,36.86575184590747,0,0,0,0
345,1,57.10463694885298,E,Saturado,0,1,0,0,0,38.27068107149551,0,0,0,0
346,2,114.20927389770596,F,Colapso,0,2,0,0,0,19.57009783355106,0,0,0,0
347,2,114.20927389770596,F,Colapso,0,2,0,0,0,35.690115444760735,0,0,0,0
348,2,114.20927389770596,F,Colapso,0,2,0,0,0,37.525780605189425,0,0,0,0
349,2,114.20927389770596,F,Colapso,0,2,0,0,0,38.754717284159625,0,0,0,0
350,2,114.20927389770596,F,Colapso,0,2,0,0,0,39.083330743236374,0,0,0,0
351,2,114.20927389770596,F,Colapso,0,2,0,0,0,39.601935077804114,0,0,0,0
352,2,114.20927389770596,F,Colapso,0,2,0,0,0,40.40352797817843,0,0,0,0
353,2,114.20927389770596,F,Colapso,0,2,0,0,0,41.065582331051516,0,0,0,0
354,2,114.20927389770596,F,Colapso,0,2,0,0,0,41.72189619870987,0,0,0,0
355,2,114.20927389770596,F,Colapso,0,2,0,0,0,42.62976481862288,0,0,0,0
356,2,114.20927389770596,F,Colapso,0,2,0,0,0,43.70135115888548,0,0,0,0
357,2,114.20927389770596,F,Colapso,0,2,0,0,0,44.71669745276013,0,0,0,0
358,2,114.20927389770596,F,Colapso,0,2,0,0,0,45.45145318616517,0,0,0,0
359,2,114.20927389770596,F,Colapso,0,2,0,0,0,46.710696691161125,0,0,0,0
360,2,114.20927389770596,F,Colapso,0,2,0,0,0,48.053566799475064,0,0,0,0
361,2,114.20927389770596,F,Colapso,0,2,0,0,0,49.45469344972013,0,0,0,0
362,2,114.20927389770596,F,Colapso,0,2,0,0,0,51.00679393342635,0,0,0,0
363,2,114.20927389770596,F,Colapso,0,2,0,0,0,52.592940132161985,0,0,0,0
364,2,114.20927389770596,F,Colapso,0,2,0,0,0,54.197895983789124,0,0,0,0
365,2,114.20927389770596,F,Colapso,0,2,0,0,0,56.225198168456956,0,0,0,0
366,2,114.20927389770596,F,Colapso,0,2,0,0,0,60.27044422384165,0,0,0,0
367,0,0.0,A,Libre,0,0,0,0,0,0.0,0,0,0,0
368,0,0.0,A,Libre,0,0,0,0,0,0.0,0,0,0,0
369,0,0.0,A,Libre,0,0,0,0,0,0.0,0,0,0,0
370,0,0.0,A,Libre,0,0,0,0,0,0.0,0,0,0,0
371,0,0.0,A,Libre,0,0,0,0,0,0.0,0,0,0,0
372,0,0.0,A,Libre,0,0,0,0,0,0.0,0,0,0,0
373,0,0.0,A,Libre,0,0,0,0,0,0.0,0,0,0,0
374,1,57.10463694885298,E,Saturado,0,1,0,0,0,0.0,0,0,0,0
375,2,114.20927389770596,F,Colapso,0,2,0,0,0,31.760680671249663,0,0,0,0
376,2,114.20927389770596,F,Colapso,0,2,0,0,0,55.284494768426555,0,0,0,0
377,2,114.20927389770596,F,Colapso,0,2,0,0,0,60.09657640376448,0,0,0,0
378,2,114.20927389770596,F,Colapso,0,2,0,0,0,61.24642806674413,0,0,0,0
379,2,114.20927389770596,F,Colapso,0,2,0,0,0,62.23271700331835,0,0,0,0
380,2,114.20927389770596,F,Colapso,0,2,0,0,0,63.10254194460172,0,0,0,0
381,2,114.20927389770596,F,Colapso,0,2,0,0,0,63.89209618462225,0,0,0,0
382,2,114.20927389770596,F,Colapso,0,2,0,0,0,64.80767690840287,0,0,0,0
383,2,114.20927389770596,F,Colapso,0,2,0,0,0,65.78135426824619,0,0,0,0
384,2,114.20927389770596,F,Colapso,0,2,0,0,0,68.39116802506793,0,0,0,0
385,2,114.20927389770596,F,Colapso,0,2,0,0,0,70.44107671335547,0,0,0,0
386,3,171.31391084655894,F,Colapso,0,3,0,0,0,48.167816752308966,0,0,0,0
387,2,114.20927389770596,F,Colapso,0,2,0,0,0,74.82328790404416,0,0,0,0
388,1,57.10463694885298,E,Saturado,0,1,0,0,0,50.6583924490194,0,0,0,0
389,1,57.10463694885298,E,Saturado,0,1,0,0,0,55.81350534345246,0,0,0,0
390,0,0.0,A,Libre,0,0,0,0,0,0.0,0,0,0,0
391,0,0.0,A,Libre,0,0,0,0,0,0.0,0,0,0,0
392,0,0.0,A,Libre,0,0,0,0,0,0.0,0,0,0,0
393,0,0.0,A,Libre,0,0,0,0,0,0.0,0,0,0,0
394,0,0.0,A,Libre,0,0,0,0,0,0.0,0,0,0,0
395,0,0.0,A,Libre,0,0,0,0,0,0.0,0,0,0,0
396,0,0.0,A,Libre,0,0,0,0,0,0.0,0,0,0,0
397,0,0.0,A,Libre,0,0,0,0,0,0.0,0,0,0,0
398,0,0.0,A,Libre,0,0,0,0,0,0.0,0,0,0,0
399,0,0.0,A,Libre,0,0,0,0,0,0.0,0,0,0,0
400,0,0.0,A,Libre,0,0,0,0,0,0.0,0,0,0,0
401,0,0.0,A,Libre,0,0,0,0,0,0.0,0,0,0,0
402,0,0.0,A,Libre,0,0,0,0,0,0.0,0,0,0,0
403,0,0.0,A,Libre,0,0,0,0,0,0.0,0,0,0,0
404,0,0.0,A,Libre,0,0,0,0,0,0.0,0,0,0,0
405,0,0.0,A,Libre,0,0,0,0,0,0.0,0,0,0,0
406,0,0.0,A,Libre,0,0,0,0,0,0.0,0,0,0,0
407,0,0.0,A,Libre,0,0,0,0,0,0.0,0,0,0,0
408,0,0.0,A,Libre,0,0,0,0,0,0.0,0,0,0,0
409,0,0.0,A,Libre,0,0,0,0,0,0.0,0,0,0,0
410,1,57.10463694885298,E,Saturado,0,1,0,0,0,0.0,0,0,0,0
411,1,57.10463694885298,E,Saturado,0,1,0,0,0,15.40744994786537,0,0,0,0
412,1,57.10463694885298,E,Saturado,0,1,0,0,0,17.945394207791566,0,0,0,0
413,1,57.10463694885298,E,Saturado,0,1,0,0,0,19.520954878290397,0,0,0,0
414,1,57.10463694885298,E,Saturado,0,1,0,0,0,20.63625276668197,0,0,0,0
415,1,57.10463694885298,E,Saturado,0,1,0,0,0,20.824463823670595,0,0,0,0
416,1,57.10463694885298,E,Saturado,0,1,0,0,0,21.250238628480854,0,0,0,0
417,1,57.10463694885298,E,Saturado,0,1,0,0,0,21.512696369527088,0,0,0,0
418,1,57.10463694885298,E,Saturado,0,1,0,0,0,21.83195644702186,0,0,0,0
419,1,57.10463694885298,E,Saturado,0,1,0,0,0,21.973969469467974,0,0,0,0
420,1,57.10463694885298,E,Saturado,0,1,0,0,0,23.150545244115378,0,0,0,0
421,1,57.10463694885298,E,Saturado,0,1,0,0,0,23.720672506744066,0,0,0,0
422,1,57.10463694885298,E,Saturado,0,1,0,0,0,24.12561887327386,0,0,0,0
423,1,57.10463694885298,E,Saturado,0,1,0,0,0,24.577044818054816,0,0,0,0
424,1,57.10463694885298,E,Saturado,0,1,0,0,0,25.472457570758323,0,0,0,0
425,1,57.10463694885298,E,Saturado,0,1,0,0,0,25.912425699131358,0,0,0,0
426,1,57.10463694885298,E,Saturado,0,1,0,0,0,26.76082505325879,0,0,0,0
427,1,57.10463694885298,E,Saturado,0,1,0,0,0,27.469778516863897,0,0,0,0
428,1,57.10463694885298,E,Saturado,0,1,0,0,0,28.295846148879104,0,0,0,0
429,1,57.10463694885298,E,Saturado,0,1,0,0,0,28.93914400599787,0,0,0,0
430,1,57.10463694885298,E,Saturado,0,1,0,0,0,29.75819326033844,0,0,0,0
431,1,57.10463694885298,E,Saturado,0,1,0,0,0,30.821059581193918,0,0,0,0
432,1,57.10463694885298,E,Saturado,0,1,0,0,0,31.805770599271934,0,0,0,0
433,1,57.10463694885298,E,Saturado,0,1,0,0,0,32.61058273674691,0,0,0,0
434,1,57.10463694885298,E,Saturado,0,1,0,0,0,33.05042206128823,0,0,0,0
435,1,57.10463694885298,E,Saturado,0,1,0,0,0,34.39440703832335,0,0,0,0
436,1,57.10463694885298,E,Saturado,0,1,0,0,0,35.93539032019855,0,0,0,0
437,1,57.10463694885298,E,Saturado,0,1,0,0,0,37.97324440099145,0,0,0,0
438,1,57.10463694885298,E,Saturado,0,1,0,0,0,39.2538035089826,0,0,0,0
439,2,114.20927389770596,F,Colapso,0,2,0,0,0,20.992749035229565,0,0,0,0
440,2,114.20927389770596,F,Colapso,0,2,0,0,0,33.08307123866219,0,0,0,0
441,1,57.10463694885298,E,Saturado,0,1,0,0,0,47.196580523233564,0,0,0,0
442,2,114.20927389770596,F,Colapso,0,2,0,0,0,38.77106213261587,0,0,0,0
443,2,114.20927389770596,F,Colapso,0,2,0,0,0,40.908372807644,0,0,0,0
444,2,114.20927389770596,F,Colapso,0,2,0,0,0,42.776266869277244,0,0,0,0
445,2,114.20927389770596,F,Colapso,0,2,0,0,0,44.389976873326916,0,0,0,0
446,2,114.20927389770596,F,Colapso,0,2,0,0,0,45.934695108533454,0,0,0,0
447,2,114.20927389770596,F,Colapso,0,2,0,0,0,48.02879782263621,0,0,0,0
448,2,114.20927389770596,F,Colapso,0,2,0,0,0,49.780810440086356,0,0,0,0
449,2,114.20927389770596,F,Colapso,0,2,0,0,0,51.15994097375868,0,0,0,0
450,2,114.20927389770596,F,Colapso,0,2,0,0,0,53.342754178417195,0,0,0,0
451,2,114.20927389770596,F,Colapso,0,2,0,0,0,55.278895021842416,0,0,0,0
452,2,114.20927389770596,F,Colapso,0,2,0,0,0,57.343806494217745,0,0,0,0
453,2,114.20927389770596,F,Colapso,0,2,0,0,0,59.35570230945875,0,0,0,0
454,3,171.31391084655894,F,Colapso,0,3,0,0,0,41.03499448777731,0,0,0,0
455,3,171.31391084655894,F,Colapso,0,3,0,0,0,51.532722161201946,0,0,0,0
456,2,114.20927389770596,F,Colapso,0,2,0,0,0,32.80277129183789,0,0,0,0
457,2,114.20927389770596,F,Colapso,0,2,0,0,0,34.11788488999403,0,0,0,0
458,2,114.20927389770596,F,Colapso,0,2,0,0,0,34.85350146234072,0,0,0,0
459,2,114.20927389770596,F,Colapso,0,2,0,0,0,35.28788701797421,0,0,0,0
460,2,114.20927389770596,F,Colapso,0,2,0,0,0,35.798998511641514,0,0,0,0
461,2,114.20927389770596,F,Colapso,0,2,0,0,0,36.46530093755518,0,0,0,0
462,2,114.20927389770596,F,Colapso,0,2,0,0,0,36.990866163420925,0,0,0,0
463,2,114.20927389770596,F,Colapso,0,2,0,0,0,37.67289103927543,0,0,0,0
464,2,114.20927389770596,F,Colapso,0,2,0,0,0,38.778839379532286,0,0,0,0
465,2,114.20927389770596,F,Colapso,0,2,0,0,0,39.56197526328327,0,0,0,0
466,2,114.20927389770596,F,Colapso,0,2,0,0,0,40.325830644580165,0,0,0,0
467,2,114.20927389770596,F,Colapso,0,2,0,0,0,41.35360650821559,0,0,0,0
468,2,114.20927389770596,F,Colapso,0,2,0,0,0,42.61704758697178,0,0,0,0
469,2,114.20927389770596,F,Colapso,0,2,0,0,0,43.824507658157145,0,0,0,0
470,2,114.20927389770596,F,Colapso,0,2,0,0,0,44.9841543158561,0,0,0,0
471,2,114.20927389770596,F,Colapso,0,2,0,0,0,46.31551079276839,0,0,0,0
472,2,114.20927389770596,F,Colapso,0,2,0,0,0,47.7940642885649,0,0,0,0
473,2,114.20927389770596,F,Colapso,0,2,0,0,0,49.073388310924976,0,0,0,0
474,2,114.20927389770596,F,Colapso,0,2,0,0,0,50.668205869842424,0,0,0,0
475,2,114.20927389770596,F,Colapso,0,2,0,0,0,52.35055851279356,0,0,0,0
476,2,114.20927389770596,F,Colapso,0,2,0,0,0,53.91863067163217,0,0,0,0
477,2,114.20927389770596,F,Colapso,0,2,0,0,0,55.79827643708266,0,0,0,0
478,2,114.20927389770596,F,Colapso,0,2,0,0,0,57.64574843652436,0,0,0,0
479,2,114.20927389770596,F,Colapso,0,2,0,0,0,59.620550179385035,0,0,0,0
480,2,114.20927389770596,F,Colapso,0,2,0,0,0,61.44797314684341,0,0,0,0
481,3,171.31391084655894,F,Colapso,0,3,0,0,0,42.302867849497694,0,0,0,0
482,3,171.31391084655894,F,Colapso,0,3,0,0,0,44.13818713567354,0,0,0,0
483,2,114.20927389770596,F,Colapso,0,2,0,0,0,68.46740844421389,0,0,0,0
484,2,114.20927389770596,F,Colapso,0,2,0,0,0,70.93379287312369,0,0,0,0
485,2,114.20927389770596,F,Colapso,0,2,0,0,0,73.58235744161075,0,0,0,0
486,1,57.10463694885298,E,Saturado,0,1,0,0,0,53.65847984810241,0,0,0,0
487,1,57.10463694885298,E,Saturado,0,1,0,0,0,55.17330450290961,0,0,0,0
488,1,57.10463694885298,E,Saturado,0,1,0,0,0,56.75214752438732,0,0,0,0
489,1,57.10463694885298,E,Saturado,0,1,0,0,0,58.45672025946269,0,0,0,0
490,1,57.10463694885298,E,Saturado,0,1,0,0,0,60.99621660556178,0,0,0,0
491,1,57.10463694885298,E,Saturado,0,1,0,0,0,62.347609234073474,0,0,0,0
492,1,57.10463694885298,E,Saturado,0,1,0,0,0,64.40395382048649,0,0,0,0
493,1,57.10463694885298,E,Saturado,0,1,0,0,0,66.67214922468851,0,0,0,0
494,2,114.20927389770596,F,Colapso,1,1,0,0,0,34.485748991161486,0,0,0,0
495,1,57.10463694885298,E,Saturado,0,1,0,0,0,71.04280671167234,0,0,0,0
496,1,57.10463694885298,E,Saturado,0,1,0,0,0,73.41458901964792,0,0,0,0
497,1,57.10463694885298,E,Saturado,0,1,0,0,0,76.01982684145375,0,0,0,0
498,2,114.20927389770596,F,Colapso,0,2,0,0,0,40.116045423532064,0,0,0,0
499,1,57.10463694885298,E,Saturado,0,1,0,0,0,82.10867592198666,0,0,0,0
500,0,0.0,A,Libre,0,0,0,0,0,0.0,0,0,0,0
501,0,0.0,A,Libre,0,0,0,0,0,0.0,0,0,0,0
502,0,0.0,A,Libre,0,0,0,0,0,0.0,0,0,0,0
503,0,0.0,A,Libre,0,0,0,0,0,0.0,0,0,0,0
504,0,0.0,A,Libre,0,0,0,0,0,0.0,0,0,0,0
505,0,0.0,A,Libre,0,0,0,0,0,0.0,0,0,0,0
506,0,0.0,A,Libre,0,0,0,0,0,0.0,0,0,0,0
507,1,57.10463694885298,E,Saturado,0,1,0,0,0,0.0,0,0,0,0
508,0,0.0,A,Libre,0,0,0,0,0,0.0,0,0,0,0
509,0,0.0,A,Libre,0,0,0,0,0,0.0,0,0,0,0
510,0,0.0,A,Libre,0,0,0,0,0,0.0,0,0,0,0
511,0,0.0,A,Libre,0,0,0,0,0,0.0,0,0,0,0
512,0,0.0,A,Libre,0,0,0,0,0,0.0,0,0,0,0
513,0,0.0,A,Libre,0,0,0,0,0,0.0,0,0,0,0
514,0,0.0,A,Libre,0,0,0,0,0,0.0,0,0,0,0
515,0,0.0,A,Libre,0,0,0,0,0,0.0,0,0,0,0
516,2,114.20927389770596,F,Colapso,0,2,0,0,0,1.90428128720814,0,0,0,0
517,1,57.10463694885298,E,Saturado,0,1,0,0,0,4.489144883134382,0,0,0,0
518,3,171.31391084655894,F,Colapso,1,2,0,0,0,2.050513675981959,0,0,0,0
519,2,114.20927389770596,F,Colapso,1,1,0,0,0,48.78043580270418,0,0,0,0
520,1,57.10463694885298,E,Saturado,0,1,0,0,0,47.70611202323181,0,0,0,0
521,1,57.10463694885298,E,Saturado,0,1,0,0,0,50.177803885583835,0,0,0,0
522,1,57.10463694885298,E,Saturado,0,1,0,0,0,48.72793858099543,0,0,0,0
523,1,57.10463694885298,E,Saturado,0,1,0,0,0,49.20640746270595,0,0,0,0
524,1,57.10463694885298,E,Saturado,0,1,0,0,0,49.58385936331819,0,0,0,0
525,2,114.20927389770596,F,Colapso,0,2,0,0,0,27.145236460015983,0,0,0,0
526,2,114.20927389770596,F,Colapso,0,2,0,0,0,27.845470688792695,0,0,0,0
527,1,57.10463694885298,E,Saturado,0,1,0,0,0,51.69066642868881,0,0,0,0
528,1,57.10463694885298,E,Saturado,0,1,0,0,0,54.49856706162282,0,0,0,0
529,1,57.10463694885298,E,Saturado,0,1,0,0,0,55.81550895861248,0,0,0,0
530,1,57.10463694885298,E,Saturado,0,1,0,0,0,56.20235552447877,0,0,0,0
531,1,57.10463694885298,E,Saturado,0,1,0,0,0,58.65131708841813,0,0,0,0
532,1,57.10463694885298,E,Saturado,0,1,0,0,0,60.736593877741,0,0,0,0
533,1,57.10463694885298,E,Saturado,0,1,0,0,0,62.47933834392238,0,0,0,0
534,1,57.10463694885298,E,Saturado,0,1,0,0,0,64.57600711658363,0,0,0,0
535,1,57.10463694885298,E,Saturado,0,1,0,0,0,67.29997917277275,0,0,0,0
536,1,57.10463694885298,E,Saturado,0,1,0,0,0,69.81241526498061,0,0,0,0
537,1,57.10463694885298,E,Saturado,0,1,0,0,0,71.49882379747794,0,0,0,0
538,1,57.10463694885298,E,Saturado,0,1,0,0,0,73.74113821842722,0,0,0,0
539,1,57.10463694885298,E,Saturado,0,1,0,0,0,77.21675219035939,0,0,0,0
540,1,57.10463694885298,E,Saturado,0,1,0,0,0,80.36223335468136,0,0,0,0
541,1,57.10463694885298,E,Saturado,0,1,0,0,0,83.70260330331159,0,0,0,0
542,1,57.10463694885298,E,Saturado,0,1,0,0,0,87.81247024106783,0,0,0,0
543,1,57.10463694885298,E,Saturado,0,1,0,0,0,91.9166182886959,0,0,0,0
544,1,57.10463694885298,E,Saturado,0,1,0,0,0,96.4268991292591,0,0,0,0
545,1,57.10463694885298,E,Saturado,0,1,0,0,0,100.07646696938288,0,0,0,0
546,1,57.10463694885298,E,Saturado,0,1,0,0,0,104.49707171999853,0,0,0,0
547,1,57.10463694885298,E,Saturado,0,1,0,0,0,109.3220861545117,0,0,0,0
548,0,0.0,A,Libre,0,0,0,0,0,0.0,0,0,0,0
549,0,0.0,A,Libre,0,0,0,0,0,0.0,0,0,0,0
550,0,0.0,A,Libre,0,0,0,0,0,0.0,0,0,0,0
551,0,0.0,A,Libre,0,0,0,0,0,0.0,0,0,0,0
552,0,0.0,A,Libre,0,0,0,0,0,0.0,0,0,0,0
553,0,0.0,A,Libre,0,0,0,0,0,0.0,0,0,0,0
554,0,0.0,A,Libre,0,0,0,0,0,0.0,0,0,0,0
555,0,0.0,A,Libre,0,0,0,0,0,0.0,0,0,0,0
556,0,0.0,A,Libre,0,0,0,0,0,0.0,0,0,0,0
557,0,0.0,A,Libre,0,0,0,0,0,0.0,0,0,0,0
558,0,0.0,A,Libre,0,0,0,0,0,0.0,0,0,0,0
559,0,0.0,A,Libre,0,0,0,0,0,0.0,0,0,0,0
560,0,0.0,A,Libre,0,0,0,0,0,0.0,0,0,0,0
561,0,0.0,A,Libre,0,0,0,0,0,0.0,0,0,0,0
562,0,0.0,A,Libre,0,0,0,0,0,0.0,0,0,0,0
563,0,0.0,A,Libre,0,0,0,0,0,0.0,0,0,0,0
564,0,0.0,A,Libre,0,0,0,0,0,0.0,0,0,0,0
565,0,0.0,A,Libre,0,0,0,0,0,0.0,0,0,0,0
566,0,0.0,A,Libre,0,0,0,0,0,0.0,0,0,0,0
567,0,0.0,A,Libre,0,0,0,0,0,0.0,0,0,0,0
568,0,0.0,A,Libre,0,0,0,0,0,0.0,0,0,0,0
569,0,0.0,A,Libre,0,0,0,0,0,0.0,0,0,0,0
570,0,0.0,A,Libre,0,0,0,0,0,0.0,0,0,0,0
571,0,0.0,A,Libre,0,0,0,0,0,0.0,0,0,0,0
572,0,0.0,A,Libre,0,0,0,0,0,0.0,0,0,0,0
573,0,0.0,A,Libre,0,0,0,0,0,0.0,0,0,0,0
574,0,0.0,A,Libre,0,0,0,0,0,0.0,0,0,0,0
575,0,0.0,A,Libre,0,0,0,0,0,0.0,0,0,0,0
576,0,0.0,A,Libre,0,0,0,0,0,0.0,0,0,0,0
577,0,0.0,A,Libre,0,0,0,0,0,0.0,0,0,0,0
578,1,57.10463694885298,E,Saturado,0,1,0,0,0,0.6562426422061541,0,0,0,0
579,0,0.0,A,Libre,0,0,0,0,0,0.0,0,0,0,0
580,0,0.0,A,Libre,0,0,0,0,0,0.0,0,0,0,0
581,0,0.0,A,Libre,0,0,0,0,0,0.0,0,0,0,0
582,0,0.0,A,Libre,0,0,0,0,0,0.0,0,0,0,0
583,0,0.0,A,Libre,0,0,0,0,0,0.0,0,0,0,0
584,0,0.0,A,Libre,0,0,0,0,0,0.0,0,0,0,0
585,0,0.0,A,Libre,0,0,0,0,0,0.0,0,0,0,0
586,0,0.0,A,Libre,0,0,0,0,0,0.0,0,0,0,0
587,0,0.0,A,Libre,0,0,0,0,0,0.0,0,0,0,0
588,0,0.0,A,Libre,0,0,0,0,0,0.0,0,0,0,0
589,0,0.0,A,Libre,0,0,0,0,0,0.0,0,0,0,0
590,0,0.0,A,Libre,0,0,0,0,0,0.0,0,0,0,0
591,0,0.0,A,Libre,0,0,0,0,0,0.0,0,0,0,0
592,0,0.0,A,Libre,0,0,0,0,0,0.0,0,0,0,0
593,0,0.0,A,Libre,0,0,0,0,0,0.0,0,0,0,0
594,0,0.0,A,Libre,0,0,0,0,0,0.0,0,0,0,0
595,0,0.0,A,Libre,0,0,0,0,0,0.0,0,0,0,0
596,0,0.0,A,Libre,0,0,0,0,0,0.0,0,0,0,0
597,0,0.0,A,Libre,0,0,0,0,0,0.0,0,0,0,0
598,0,0.0,A,Libre,0,0,0,0,0,0.0,0,0,0,0
599,0,0.0,A,Libre,0,0,0,0,0,0.0,0,0,0,0
600,0,0.0,A,Libre,0,0,0,0,0,0.0,0,0,0,0
601,0,0.0,A,Libre,0,0,0,0,0,0.0,0,0,0,0
602,0,0.0,A,Libre,0,0,0,0,0,0.0,0,0,0,0
603,0,0.0,A,Libre,0,0,0,0,0,0.0,0,0,0,0
604,0,0.0,A,Libre,0,0,0,0,0,0.0,0,0,0,0
605,0,0.0,A,Libre,0,0,0,0,0,0.0,0,0,0,0
606,0,0.0,A,Libre,0,0,0,0,0,0.0,0,0,0,0
607,0,0.0,A,Libre,0,0,0,0,0,0.0,0,0,0,0
608,1,57.10463694885298,E,Saturado,0,1,0,0,0,0.0,0,0,0,0
609,0,0.0,A,Libre,0,0,0,0,0,0.0,0,0,0,0
610,0,0.0,A,Libre,0,0,0,0,0,0.0,0,0,0,0
611,0,0.0,A,Libre,0,0,0,0,0,0.0,0,0,0,0
612,0,0.0,A,Libre,0,0,0,0,0,0.0,0,0,0,0
613,1,57.10463694885298,E,Saturado,0,1,0,0,0,0.0,0,0,0,0
614,1,57.10463694885298,E,Saturado,0,1,0,0,0,66.56833834536783,0,0,0,0
615,1,57.10463694885298,E,Saturado,0,1,0,0,0,74.40769375409316,0,0,0,0
616,2,114.20927389770596,F,Colapso,0,2,0,0,0,39.12321502862053,0,0,0,0
617,2,114.20927389770596,F,Colapso,0,2,0,0,0,40.50060401876658,0,0,0,0
618,2,114.20927389770596,F,Colapso,0,2,0,0,0,41.38760761597343,0,0,0,0
619,2,114.20927389770596,F,Colapso,0,2,0,0,0,44.80990341822133,0,0,0,0
620,2,114.20927389770596,F,Colapso,0,2,0,0,0,46.20836569592227,0,0,0,0
621,1,57.10463694885298,E,Saturado,0,1,0,0,0,87.37427244980455,0,0,0,0
622,1,57.10463694885298,E,Saturado,0,1,0,0,0,88.98469387735693,0,0,0,0
623,1,57.10463694885298,E,Saturado,0,1,0,0,0,93.0012782178776,0,0,0,0
624,1,57.10463694885298,E,Saturado,0,1,0,0,0,95.96918183287569,0,0,0,0
625,1,57.10463694885298,E,Saturado,0,1,0,0,0,99.03964764560878,0,0,0,0
626,1,57.10463694885298,E,Saturado,0,1,0,0,0,102.72857793670359,0,0,0,0
627,1,57.10463694885298,E,Saturado,0,1,0,0,0,106.74469285881658,0,0,0,0
628,2,114.20927389770596,F,Colapso,0,2,0,0,0,55.31987753878685,0,0,0,0
629,2,114.20927389770596,F,Colapso,0,2,0,0,0,73.14529902757661,0,0,0,0
630,2,114.20927389770596,F,Colapso,0,2,0,0,0,76.4595180415887,0,0,0,0
631,1,57.10463694885298,E,Saturado,0,1,0,0,0,34.428660986213934,0,0,0,0
632,1,57.10463694885298,E,Saturado,0,1,0,0,0,35.40439938625991,0,0,0,0
633,1,57.10463694885298,E,Saturado,0,1,0,0,0,35.79152187855642,0,0,0,0
634,1,57.10463694885298,E,Saturado,0,1,0,0,0,36.01529878624123,0,0,0,0
635,1,57.10463694885298,E,Saturado,0,1,0,0,0,36.39328344403471,0,0,0,0
636,1,57.10463694885298,E,Saturado,0,1,0,0,0,36.65756406597575,0,0,0,0
637,1,57.10463694885298,E,Saturado,0,1,0,0,0,36.99887203713888,0,0,0,0
638,1,57.10463694885298,E,Saturado,0,1,0,0,0,37.96147459307982,0,0,0,0
639,1,57.10463694885298,E,Saturado,0,1,0,0,0,38.517847037635,0,0,0,0
640,1,57.10463694885298,E,Saturado,0,1,0,0,0,39.13365243245145,0,0,0,0
641,1,57.10463694885298,E,Saturado,0,1,0,0,0,39.53984247153353,0,0,0,0
642,1,57.10463694885298,E,Saturado,0,1,0,0,0,40.16345624085931,0,0,0,0
643,1,57.10463694885298,E,Saturado,0,1,0,0,0,40.84783679568003,0,0,0,0
644,1,57.10463694885298,E,Saturado,0,1,0,0,0,41.349813950948665,0,0,0,0
645,1,57.10463694885298,E,Saturado,0,1,0,0,0,42.04697757049026,0,0,0,0
646,1,57.10463694885298,E,Saturado,0,1,0,0,0,42.8652482772258,0,0,0,0
647,1,57.10463694885298,E,Saturado,0,1,0,0,0,43.79098145191509,0,0,0,0
648,1,57.10463694885298,E,Saturado,0,1,0,0,0,44.65149409083848,0,0,0,0
649,1,57.10463694885298,E,Saturado,0,1,0,0,0,45.559764328254545,0,0,0,0
650,1,57.10463694885298,E,Saturado,0,1,0,0,0,46.59847849950972,0,0,0,0
651,1,57.10463694885298,E,Saturado,0,1,0,0,0,47.66857500878548,0,0,0,0
652,1,57.10463694885298,E,Saturado,0,1,0,0,0,48.808941164030344,0,0,0,0
653,1,57.10463694885298,E,Saturado,0,1,0,0,0,50.24111383117985,0,0,0,0
654,1,57.10463694885298,E,Saturado,0,1,0,0,0,51.40590119291794,0,0,0,0
655,1,57.10463694885298,E,Saturado,0,1,0,0,0,52.8193429206293,0,0,0,0
656,1,57.10463694885298,E,Saturado,0,1,0,0,0,54.095582806796294,0,0,0,0
657,1,57.10463694885298,E,Saturado,0,1,0,0,0,55.277086043584305,0,0,0,0
658,1,57.10463694885298,E,Saturado,0,1,0,0,0,56.70306467758134,0,0,0,0
659,1,57.10463694885298,E,Saturado,0,1,0,0,0,58.202215337223485,0,0,0,0
660,1,57.10463694885298,E,Saturado,0,1,0,0,0,59.89516710437042,0,0,0,0
661,1,57.10463694885298,E,Saturado,0,1,0,0,0,61.556278564318035,0,0,0,0
662,1,57.10463694885298,E,Saturado,0,1,0,0,0,63.153314411448356,0,0,0,0
663,1,57.10463694885298,E,Saturado,0,1,0,0,0,65.10754332007673,0,0,0,0
664,1,57.10463694885298,E,Saturado,0,1,0,0,0,66.64473404468475,0,0,0,0
665,1,57.10463694885298,E,Saturado,0,1,0,0,0,68.59599187826156,0,0,0,0
666,1,57.10463694885298,E,Saturado,0,1,0,0,0,70.93938009711235,0,0,0,0
667,1,57.10463694885298,E,Saturado,0,1,0,0,0,73.02805158297775,0,0,0,0
668,1,57.10463694885298,E,Saturado,0,1,0,0,0,75.29130092004267,0,0,0,0
669,1,57.10463694885298,E,Saturado,0,1,0,0,0,77.52274429759602,0,0,0,0
670,0,0.0,A,Libre,0,0,0,0,0,0.0,0,0,0,0
671,0,0.0,A,Libre,0,0,0,0,0,0.0,0,0,0,0
672,0,0.0,A,Libre,0,0,0,0,0,0.0,0,0,0,0
673,0,0.0,A,Libre,0,0,0,0,0,0.0,0,0,0,0
674,0,0.0,A,Libre,0,0,0,0,0,0.0,0,0,0,0
675,1,57.10463694885298,E,Saturado,0,1,0,0,0,0.0,0,0,0,0
676,0,0.0,A,Libre,0,0,0,0,0,0.0,0,0,0,0
677,0,0.0,A,Libre,0,0,0,0,0,0.0,0,0,0,0
678,0,0.0,A,Libre,0,0,0,0,0,0.0,0,0,0,0
679,0,0.0,A,Libre,0,0,0,0,0,0.0,0,0,0,0
680,0,0.0,A,Libre,0,0,0,0,0,0.0,0,0,0,0
681,0,0.0,A,Libre,0,0,0,0,0,0.0,0,0,0,0
682,0,0.0,A,Libre,0,0,0,0,0,0.0,0,0,0,0
683,0,0.0,A,Libre,0,0,0,0,0,0.0,0,0,0,0
684,0,0.0,A,Libre,0,0,0,0,0,0.0,0,0,0,0
685,0,0.0,A,Libre,0,0,0,0,0,0.0,0,0,0,0
686,0,0.0,A,Libre,0,0,0,0,0,0.0,0,0,0,0
687,0,0.0,A,Libre,0,0,0,0,0,0.0,0,0,0,0
688,0,0.0,A,Libre,0,0,0,0,0,0.0,0,0,0,0
689,0,0.0,A,Libre,0,0,0,0,0,0.0,0,0,0,0
690,0,0.0,A,Libre,0,0,0,0,0,0.0,0,0,0,0
691,0,0.0,A,Libre,0,0,0,0,0,0.0,0,0,0,0
692,0,0.0,A,Libre,0,0,0,0,0,0.0,0,0,0,0
693,0,0.0,A,Libre,0,0,0,0,0,0.0,0,0,0,0
694,0,0.0,A,Libre,0,0,0,0,0,0.0,0,0,0,0
695,0,0.0,A,Libre,0,0,0,0,0,0.0,0,0,0,0
696,0,0.0,A,Libre,0,0,0,0,0,0.0,0,0,0,0
697,0,0.0,A,Libre,0,0,0,0,0,0.0,0,0,0,0
698,0,0.0,A,Libre,0,0,0,0,0,0.0,0,0,0,0
699,0,0.0,A,Libre,0,0,0,0,0,0.0,0,0,0,0
700,0,0.0,A,Libre,0,0,0,0,0,0.0,0,0,0,0
701,0,0.0,A,Libre,0,0,0,0,0,0.0,0,0,0,0
702,0,0.0,A,Libre,0,0,0,0,0,0.0,0,0,0,0
703,0,0.0,A,Libre,0,0,0,0,0,0.0,0,0,0,0
704,0,0.0,A,Libre,0,0,0,0,0,0.0,0,0,0,0
705,0,0.0,A,Libre,0,0,0,0,0,0.0,0,0,0,0
706,0,0.0,A,Libre,0,0,0,0,0,0.0,0,0,0,0
707,0,0.0,A,Libre,0,0,0,0,0,0.0,0,0,0,0
708,0,0.0,A,Libre,0,0,0,0,0,0.0,0,0,0,0
709,0,0.0,A,Libre,0,0,0,0,0,0.0,0,0,0,0
710,0,0.0,A,Libre,0,0,0,0,0,0.0,0,0,0,0
711,0,0.0,A,Libre,0,0,0,0,0,0.0,0,0,0,0
712,0,0.0,A,Libre,0,0,0,0,0,0.0,0,0,0,0
713,0,0.0,A,Libre,0,0,0,0,0,0.0,0,0,0,0
714,1,57.10463694885298,E,Saturado,0,1,0,0,0,1.8501948794175376,0,0,0,0
715,0,0.0,A,Libre,0,0,0,0,0,0.0,0,0,0,0
716,0,0.0,A,Libre,0,0,0,0,0,0.0,0,0,0,0
717,0,0.0,A,Libre,0,0,0,0,0,0.0,0,0,0,0
718,0,0.0,A,Libre,0,0,0,0,0,0.0,0,0,0,0
719,0,0.0,A,Libre,0,0,0,0,0,0.0,0,0,0,0
720,0,0.0,A,Libre,0,0,0,0,0,0.0,0,0,0,0
721,0,0.0,A,Libre,0,0,0,0,0,0.0,0,0,0,0
722,0,0.0,A,Libre,0,0,0,0,0,0.0,0,0,0,0
723,0,0.0,A,Libre,0,0,0,0,0,0.0,0,0,0,0
724,0,0.0,A,Libre,0,0,0,0,0,0.0,0,0,0,0
725,0,0.0,A,Libre,0,0,0,0,0,0.0,0,0,0,0
726,0,0.0,A,Libre,0,0,0,0,0,0.0,0,0,0,0
727,0,0.0,A,Libre,0,0,0,0,0,0.0,0,0,0,0
728,0,0.0,A,Libre,0,0,0,0,0,0.0,0,0,0,0
729,0,0.0,A,Libre,0,0,0,0,0,0.0,0,0,0,0
730,0,0.0,A,Libre,0,0,0,0,0,0.0,0,0,0,0
731,0,0.0,A,Libre,0,0,0,0,0,0.0,0,0,0,0
732,0,0.0,A,Libre,0,0,0,0,0,0.0,0,0,0,0
733,0,0.0,A,Libre,0,0,0,0,0,0.0,0,0,0,0
734,0,0.0,A,Libre,0,0,0,0,0,0.0,0,0,0,0
735,0,0.0,A,Libre,0,0,0,0,0,0.0,0,0,0,0
736,0,0.0,A,Libre,0,0,0,0,0,0.0,0,0,0,0
737,0,0.0,A,Libre,0,0,0,0,0,0.0,0,0,0,0
738,0,0.0,A,Libre,0,0,0,0,0,0.0,0,0,0,0
739,0,0.0,A,Libre,0,0,0,0,0,0.0,0,0,0,0
740,0,0.0,A,Libre,0,0,0,0,0,0.0,0,0,0,0
741,0,0.0,A,Libre,0,0,0,0,0,0.0,0,0,0,0
742,1,57.10463694885298,E,Saturado,0,1,0,0,0,1.9733744767864574,0,0,0,0
743,0,0.0,A,Libre,0,0,0,0,0,0.0,0,0,0,0
744,0,0.0,A,Libre,0,0,0,0,0,0.0,0,0,0,0
745,0,0.0,A,Libre,0,0,0,0,0,0.0,0,0,0,0
746,0,0.0,A,Libre,0,0,0,0,0,0.0,0,0,0,0
747,0,0.0,A,Libre,0,0,0,0,0,0.0,0,0,0,0
748,0,0.0,A,Libre,0,0,0,0,0,0.0,0,0,0,0
749,0,0.0,A,Libre,0,0,0,0,0,0.0,0,0,0,0
750,0,0.0,A,Libre,0,0,0,0,0,0.0,0,0,0,0
751,0,0.0,A,Libre,0,0,0,0,0,0.0,0,0,0,0
752,0,0.0,A,Libre,0,0,0,0,0,0.0,0,0,0,0
753,0,0.0,A,Libre,0,0,0,0,0,0.0,0,0,0,0
754,0,0.0,A,Libre,0,0,0,0,0,0.0,0,0,0,0
755,0,0.0,A,Libre,0,0,0,0,0,0.0,0,0,0,0
756,0,0.0,A,Libre,0,0,0,0,0,0.0,0,0,0,0
757,0,0.0,A,Libre,0,0,0,0,0,0.0,0,0,0,0
758,0,0.0,A,Libre,0,0,0,0,0,0.0,0,0,0,0
759,0,0.0,A,Libre,0,0,0,0,0,0.0,0,0,0,0
760,0,0.0,A,Libre,0,0,0,0,0,0.0,0,0,0,0
761,0,0.0,A,Libre,0,0,0,0,0,0.0,0,0,0,0
762,0,0.0,A,Libre,0,0,0,0,0,0.0,0,0,0,0
763,0,0.0,A,Libre,0,0,0,0,0,0.0,0,0,0,0
764,0,0.0,A,Libre,0,0,0,0,0,0.0,0,0,0,0
765,0,0.0,A,Libre,0,0,0,0,0,0.0,0,0,0,0
766,1,57.10463694885298,E,Saturado,0,1,0,0,0,2.682356780591262,0,0,0,0
767,0,0.0,A,Libre,0,0,0,0,0,0.0,0,0,0,0
768,0,0.0,A,Libre,0,0,0,0,0,0.0,0,0,0,0
769,0,0.0,A,Libre,0,0,0,0,0,0.0,0,0,0,0
770,0,0.0,A,Libre,0,0,0,0,0,0.0,0,0,0,0
771,0,0.0,A,Libre,0,0,0,0,0,0.0,0,0,0,0
772,0,0.0,A,Libre,0,0,0,0,0,0.0,0,0,0,0
773,0,0.0,A,Libre,0,0,0,0,0,0.0,0,0,0,0
774,0,0.0,A,Libre,0,0,0,0,0,0.0,0,0,0,0
775,0,0.0,A,Libre,0,0,0,0,0,0.0,0,0,0,0
776,1,57.10463694885298,E,Saturado,1,0,0,0,0,0.0,0,0,0,0
777,1,57.10463694885298,E,Saturado,1,0,0,0,0,29.527247990074702,0,0,0,0
778,1,57.10463694885298,E,Saturado,1,0,0,0,0,33.636988628516626,0,0,0,0
779,1,57.10463694885298,E,Saturado,1,0,0,0,0,34.5528214397971,0,0,0,0
780,1,57.10463694885298,E,Saturado,1,0,0,0,0,35.12431545419505,0,0,0,0
781,1,57.10463694885298,E,Saturado,1,0,0,0,0,35.64703231621486,0,0,0,0
782,1,57.10463694885298,E,Saturado,1,0,0,0,0,36.164865795629005,0,0,0,0
783,2,114.20927389770596,F,Colapso,1,1,0,0,0,18.326558786849596,0,0,0,0
784,1,57.10463694885298,E,Saturado,1,0,0,0,0,37.0393064222219,0,0,0,0
785,1,57.10463694885298,E,Saturado,1,0,0,0,0,37.703294468174974,0,0,0,0
786,1,57.10463694885298,E,Saturado,1,0,0,0,0,39.20219610707512,0,0,0,0
787,1,57.10463694885298,E,Saturado,1,0,0,0,0,40.01349709536117,0,0,0,0
788,1,57.10463694885298,E,Saturado,1,0,0,0,0,40.95553969745297,0,0,0,0
789,1,57.10463694885298,E,Saturado,1,0,0,0,0,42.10025942220982,0,0,0,0
790,1,57.10463694885298,E,Saturado,1,0,0,0,0,43.33793257885503,0,0,0,0
791,1,57.10463694885298,E,Saturado,1,0,0,0,0,44.657553595543845,0,0,0,0
792,1,57.10463694885298,E,Saturado,1,0,0,0,0,46.091807160152946,0,0,0,0
793,1,57.10463694885298,E,Saturado,1,0,0,0,0,47.652428732903125,0,0,0,0
794,1,57.10463694885298,E,Saturado,1,0,0,0,0,49.1512845748859,0,0,0,0
795,1,57.10463694885298,E,Saturado,1,0,0,0,0,50.83765303507861,0,0,0,0
796,1,57.10463694885298,E,Saturado,1,0,0,0,0,52.53653550309988,0,0,0,0
797,1,57.10463694885298,E,Saturado,1,0,0,0,0,54.443227210903196,0,0,0,0
798,1,57.10463694885298,E,Saturado,1,0,0,0,0,56.38623587463549,0,0,0,0
799,1,57.10463694885298,E,Saturado,1,0,0,0,0,58.46774586745753,0,0,0,0
800,1,57.10463694885298,E,Saturado,1,0,0,0,0,60.5995408761812,0,0,0,0
801,1,57.10463694885298,E,Saturado,1,0,0,0,0,62.82244885315289,0,0,0,0
802,1,57.10463694885298,E,Saturado,1,0,0,0,0,65.18839205409071,0,0,0,0
803,1,57.10463694885298,E,Saturado,1,0,0,0,0,67.66522676721327,0,0,0,0
804,1,57.10463694885298,E,Saturado,1,0,0,0,0,70.18464688940827,0,0,0,0
805,1,57.10463694885298,E,Saturado,1,0,0,0,0,72.96288829336018,0,0,0,0
806,1,57.10463694885298,E,Saturado,1,0,0,0,0,76.16053787183426,0,0,0,0
807,1,57.10463694885298,E,Saturado,1,0,0,0,0,79.24422182000846,0,0,0,0
808,1,57.10463694885298,E,Saturado,1,0,0,0,0,82.62547696713155,0,0,0,0
809,1,57.10463694885298,E,Saturado,1,0,0,0,0,86.31102401091549,0,0,0,0
810,1,57.10463694885298,E,Saturado,1,0,0,0,0,89.95427760097684,0,0,0,0
811,1,57.10463694885298,E,Saturado,1,0,0,0,0,94.13095651739746,0,0,0,0
812,1,57.10463694885298,E,Saturado,1,0,0,0,0,98.16939171239179,0,0,0,0
813,1,57.10463694885298,E,Saturado,1,0,0,0,0,102.66496601768047,0,0,0,0
814,1,57.10463694885298,E,Saturado,1,0,0,0,0,107.23734175435992,0,0,0,0
815,1,57.10463694885298,E,Saturado,1,0,0,0,0,111.89754453042494,0,0,0,0
816,1,57.10463694885298,E,Saturado,1,0,0,0,0,116.87458183405057,0,0,0,0
817,1,57.10463694885298,E,Saturado,1,0,0,0,0,122.17346842775159,0,0,0,0
818,1,57.10463694885298,E,Saturado,1,0,0,0,0,127.34928725370973,0,0,0,0
819,1,57.10463694885298,E,Saturado,1,0,0,0,0,132.83381165429356,0,0,0,0
820,1,57.10463694885298,E,Saturado,1,0,0,0,0,138.20797693186535,0,0,0,0
821,1,57.10463694885298,E,Saturado,1,0,0,0,0,143.82249588402934,0,0,0,0
822,1,57.10463694885298,E,Saturado,1,0,0,0,0,146.35588979081348,0,0,0,0
823,1,57.10463694885298,E,Saturado,1,0,0,0,0,145.31688366420468,0,0,0,0
824,1,57.10463694885298,E,Saturado,0,1,0,0,0,1.4132469511847343,0,0,0,0
825,1,57.10463694885298,E,Saturado,0,1,0,0,0,0.9570307935229332,0,0,0,0
826,1,57.10463694885298,E,Saturado,0,1,0,0,0,3.9437348267816628,0,0,0,0
827,0,0.0,A,Libre,0,0,0,0,0,0.0,0,0,0,0
828,0,0.0,A,Libre,0,0,0,0,0,0.0,0,0,0,0
829,0,0.0,A,Libre,0,0,0,0,0,0.0,0,0,0,0
830,0,0.0,A,Libre,0,0,0,0,0,0.0,0,0,0,0
831,0,0.0,A,Libre,0,0,0,0,0,0.0,0,0,0,0
832,0,0.0,A,Libre,0,0,0,0,0,0.0,0,0,0,0
833,0,0.0,A,Libre,0,0,0,0,0,0.0,0,0,0,0
834,0,0.0,A,Libre,0,0,0,0,0,0.0,0,0,0,0
835,0,0.0,A,Libre,0,0,0,0,0,0.0,0,0,0,0
836,1,57.10463694885298,E,Saturado,0,1,0,0,0,0.0,0,0,0,0
837,1,57.10463694885298,E,Saturado,0,1,0,0,0,1.3182291302829352,0,0,0,0
838,0,0.0,A,Libre,0,0,0,0,0,0.0,0,0,0,0
839,0,0.0,A,Libre,0,0,0,0,0,0.0,0,0,0,0
840,0,0.0,A,Libre,0,0,0,0,0,0.0,0,0,0,0
841,1,57.10463694885298,E,Saturado,0,1,0,0,0,4.228825949481492,0,0,0,0
842,0,0.0,A,Libre,0,0,0,0,0,0.0,0,0,0,0
843,0,0.0,A,Libre,0,0,0,0,0,0.0,0,0,0,0
844,0,0.0,A,Libre,0,0,0,0,0,0.0,0,0,0,0
845,0,0.0,A,Libre,0,0,0,0,0,0.0,0,0,0,0
846,0,0.0,A,Libre,0,0,0,0,0,0.0,0,0,0,0
847,0,0.0,A,Libre,0,0,0,0,0,0.0,0,0,0,0
848,0,0.0,A,Libre,0,0,0,0,0,0.0,0,0,0,0
849,0,0.0,A,Libre,0,0,0,0,0,0.0,0,0,0,0
850,0,0.0,A,Libre,0,0,0,0,0,0.0,0,0,0,0
851,0,0.0,A,Libre,0,0,0,0,0,0.0,0,0,0,0
852,0,0.0,A,Libre,0,0,0,0,0,0.0,0,0,0,0
853,0,0.0,A,Libre,0,0,0,0,0,0.0,0,0,0,0
854,0,0.0,A,Libre,0,0,0,0,0,0.0,0,0,0,0
855,0,0.0,A,Libre,0,0,0,0,0,0.0,0,0,0,0
856,0,0.0,A,Libre,0,0,0,0,0,0.0,0,0,0,0
857,0,0.0,A,Libre,0,0,0,0,0,0.0,0,0,0,0
858,0,0.0,A,Libre,0,0,0,0,0,0.0,0,0,0,0
859,0,0.0,A,Libre,0,0,0,0,0,0.0,0,0,0,0
860,0,0.0,A,Libre,0,0,0,0,0,0.0,0,0,0,0
861,0,0.0,A,Libre,0,0,0,0,0,0.0,0,0,0,0
862,0,0.0,A,Libre,0,0,0,0,0,0.0,0,0,0,0
863,0,0.0,A,Libre,0,0,0,0,0,0.0,0,0,0,0
864,0,0.0,A,Libre,0,0,0,0,0,0.0,0,0,0,0
865,0,0.0,A,Libre,0,0,0,0,0,0.0,0,0,0,0
866,0,0.0,A,Libre,0,0,0,0,0,0.0,0,0,0,0
867,0,0.0,A,Libre,0,0,0,0,0,0.0,0,0,0,0
868,0,0.0,A,Libre,0,0,0,0,0,0.0,0,0,0,0
869,0,0.0,A,Libre,0,0,0,0,0,0.0,0,0,0,0
870,0,0.0,A,Libre,0,0,0,0,0,0.0,0,0,0,0
871,0,0.0,A,Libre,0,0,0,0,0,0.0,0,0,0,0
872,0,0.0,A,Libre,0,0,0,0,0,0.0,0,0,0,0
873,0,0.0,A,Libre,0,0,0,0,0,0.0,0,0,0,0
874,0,0.0,A,Libre,0,0,0,0,0,0.0,0,0,0,0
875,0,0.0,A,Libre,0,0,0,0,0,0.0,0,0,0,0
876,0,0.0,A,Libre,0,0,0,0,0,0.0,0,0,0,0
877,0,0.0,A,Libre,0,0,0,0,0,0.0,0,0,0,0
878,0,0.0,A,Libre,0,0,0,0,0,0.0,0,0,0,0
879,0,0.0,A,Libre,0,0,0,0,0,0.0,0,0,0,0
880,0,0.0,A,Libre,0,0,0,0,0,0.0,0,0,0,0
881,0,0.0,A,Libre,0,0,0,0,0,0.0,0,0,0,0
882,1,57.10463694885298,E,Saturado,0,1,0,0,0,1.401911572989255,0,0,0,0
883,0,0.0,A,Libre,0,0,0,0,0,0.0,0,0,0,0
884,0,0.0,A,Libre,0,0,0,0,0,0.0,0,0,0,0
885,0,0.0,A,Libre,0,0,0,0,0,0.0,0,0,0,0
886,0,0.0,A,Libre,0,0,0,0,0,0.0,0,0,0,0
887,0,0.0,A,Libre,0,0,0,0,0,0.0,0,0,0,0
888,0,0.0,A,Libre,0,0,0,0,0,0.0,0,0,0,0
889,0,0.0,A,Libre,0,0,0,0,0,0.0,0,0,0,0
890,0,0.0,A,Libre,0,0,0,0,0,0.0,0,0,0,0
891,0,0.0,A,Libre,0,0,0,0,0,0.0,0,0,0,0
892,0,0.0,A,Libre,0,0,0,0,0,0.0,0,0,0,0
893,0,0.0,A,Libre,0,0,0,0,0,0.0,0,0,0,0
894,0,0.0,A,Libre,0,0,0,0,0,0.0,0,0,0,0
895,0,0.0,A,Libre,0,0,0,0,0,0.0,0,0,0,0
896,1,57.10463694885298,E,Saturado,0,1,0,0,0,0.0,0,0,0,0
897,2,114.20927389770596,F,Colapso,0,2,0,0,0,1.0106711396571975,0,0,0,0
898,2,114.20927389770596,F,Colapso,0,2,0,0,0,14.228717732087254,0,0,0,0
899,2,114.20927389770596,F,Colapso,0,2,0,0,0,15.71438904278824,0,0,0,0
900,1,57.10463694885298,E,Saturado,0,1,0,0,0,31.928378966681326,0,0,0,0
901,1,57.10463694885298,E,Saturado,0,1,0,0,0,32.37131065654878,0,0,0,0
902,1,57.10463694885298,E,Saturado,0,1,0,0,0,32.797994601738374,0,0,0,0
903,1,57.10463694885298,E,Saturado,0,1,0,0,0,32.975472542766404,0,0,0,0
904,1,57.10463694885298,E,Saturado,0,1,0,0,0,33.17515650972335,0,0,0,0
905,1,57.10463694885298,E,Saturado,0,1,0,0,0,33.83128920865867,0,0,0,0
906,1,57.10463694885298,E,Saturado,0,1,0,0,0,34.49285610036439,0,0,0,0
907,1,57.10463694885298,E,Saturado,0,1,0,0,0,35.500302425893835,0,0,0,0
908,1,57.10463694885298,E,Saturado,0,1,0,0,0,36.083308640540366,0,0,0,0
909,1,57.10463694885298,E,Saturado,0,1,0,0,0,36.794291480071834,0,0,0,0
910,1,57.10463694885298,E,Saturado,0,1,0,0,0,37.6830550927519,0,0,0,0
911,1,57.10463694885298,E,Saturado,0,1,0,0,0,38.544947363827895,0,0,0,0
912,1,57.10463694885298,E,Saturado,0,1,0,0,0,39.920306091961955,0,0,0,0
913,2,114.20927389770596,F,Colapso,0,2,0,0,0,20.773378299321173,0,0,0,0
914,1,57.10463694885298,E,Saturado,0,1,0,0,0,42.19551701153219,0,0,0,0
915,1,57.10463694885298,E,Saturado,0,1,0,0,0,43.10769143620241,0,0,0,0
916,1,57.10463694885298,E,Saturado,0,1,0,0,0,44.54784135399615,0,0,0,0
917,1,57.10463694885298,E,Saturado,0,1,0,0,0,46.16862290308002,0,0,0,0
918,1,57.10463694885298,E,Saturado,0,1,0,0,0,47.57783127818838,0,0,0,0
919,1,57.10463694885298,E,Saturado,0,1,0,0,0,49.17187601411553,0,0,0,0
920,1,57.10463694885298,E,Saturado,0,1,0,0,0,50.73601822493314,0,0,0,0
921,1,57.10463694885298,E,Saturado,0,1,0,0,0,52.261828415432284,0,0,0,0
922,1,57.10463694885298,E,Saturado,0,1,0,0,0,53.8214081082998,0,0,0,0
923,1,57.10463694885298,E,Saturado,0,1,0,0,0,55.90889459891342,0,0,0,0
924,1,57.10463694885298,E,Saturado,0,1,0,0,0,57.56005667843787,0,0,0,0
925,1,57.10463694885298,E,Saturado,0,1,0,0,0,59.41270229845417,0,0,0,0
926,1,57.10463694885298,E,Saturado,0,1,0,0,0,61.292848967693956,0,0,0,0
927,2,114.20927389770596,F,Colapso,1,1,0,0,0,31.692334495834356,0,0,0,0
928,2,114.20927389770596,F,Colapso,1,1,0,0,0,47.91770290773317,0,0,0,0
929,2,114.20927389770596,F,Colapso,1,1,0,0,0,50.868618728482936,0,0,0,0
930,2,114.20927389770596,F,Colapso,1,1,0,0,0,52.38742288500711,0,0,0,0
931,2,114.20927389770596,F,Colapso,1,1,0,0,0,54.136443675677086,0,0,0,0
932,2,114.20927389770596,F,Colapso,1,1,0,0,0,55.643509473893076,0,0,0,0
933,2,114.20927389770596,F,Colapso,1,1,0,0,0,57.48893621160238,0,0,0,0
934,2,114.20927389770596,F,Colapso,1,1,0,0,0,59.13479024433191,0,0,0,0
935,2,114.20927389770596,F,Colapso,1,1,0,0,0,60.82756784518715,0,0,0,0
936,2,114.20927389770596,F,Colapso,1,1,0,0,0,62.575079663190024,0,0,0,0
937,2,114.20927389770596,F,Colapso,1,1,0,0,0,64.92992569844873,0,0,0,0
938,1,57.10463694885298,E,Saturado,1,0,0,0,0,39.99096214942574,0,0,0,0
939,1,57.10463694885298,E,Saturado,1,0,0,0,0,41.08514211292488,0,0,0,0
940,1,57.10463694885298,E,Saturado,1,0,0,0,0,42.036942320846464,0,0,0,0
941,1,57.10463694885298,E,Saturado,1,0,0,0,0,43.049858515762246,0,0,0,0
942,1,57.10463694885298,E,Saturado,1,0,0,0,0,44.18523280695184,0,0,0,0
943,1,57.10463694885298,E,Saturado,1,0,0,0,0,45.414702590669435,0,0,0,0
944,1,57.10463694885298,E,Saturado,1,0,0,0,0,46.667128079507144,0,0,0,0
945,1,57.10463694885298,E,Saturado,1,0,0,0,0,48.09074244761546,0,0,0,0
946,1,57.10463694885298,E,Saturado,1,0,0,0,0,49.57634866877521,0,0,0,0
947,1,57.10463694885298,E,Saturado,1,0,0,0,0,51.00913959431695,0,0,0,0
948,1,57.10463694885298,E,Saturado,1,0,0,0,0,52.52351200455978,0,0,0,0
949,1,57.10463694885298,E,Saturado,1,0,0,0,0,54.18684461502763,0,0,0,0
950,1,57.10463694885298,E,Saturado,1,0,0,0,0,55.90290665189235,0,0,0,0
951,1,57.10463694885298,E,Saturado,1,0,0,0,0,57.73493220960401,0,0,0,0
952,1,57.10463694885298,E,Saturado,1,0,0,0,0,59.557271719170686,0,0,0,0
953,1,57.10463694885298,E,Saturado,1,0,0,0,0,61.446228570500494,0,0,0,0
954,1,57.10463694885298,E,Saturado,1,0,0,0,0,63.44067289769776,0,0,0,0
955,1,57.10463694885298,E,Saturado,1,0,0,0,0,65.64305813081693,0,0,0,0
956,1,57.10463694885298,E,Saturado,1,0,0,0,0,67.98231317782256,0,0,0,0
957,1,57.10463694885298,E,Saturado,1,0,0,0,0,70.45247871477048,0,0,0,0
958,2,114.20927389770596,F,Colapso,2,0,0,0,0,36.48244595425967,0,0,0,0
959,2,114.20927389770596,F,Colapso,2,0,0,0,0,52.80118050699289,0,0,0,0
960,2,114.20927389770596,F,Colapso,2,0,0,0,0,55.880787634996935,0,0,0,0
961,2,114.20927389770596,F,Colapso,2,0,0,0,0,57.84572354103163,0,0,0,0
962,2,114.20927389770596,F,Colapso,2,0,0,0,0,59.70726968471122,0,0,0,0
963,2,114.20927389770596,F,Colapso,2,0,0,0,0,61.74146140744406,0,0,0,0
964,2,114.20927389770596,F,Colapso,2,0,0,0,0,63.65307220513846,0,0,0,0
965,2,114.20927389770596,F,Colapso,2,0,0,0,0,65.80081195263867,0,0,0,0
966,2,114.20927389770596,F,Colapso,2,0,0,0,0,67.96802901177882,0,0,0,0
967,2,114.20927389770596,F,Colapso,2,0,0,0,0,70.38812975159837,0,0,0,0
968,2,114.20927389770596,F,Colapso,2,0,0,0,0,73.30171249730108,0,0,0,0
969,2,114.20927389770596,F,Colapso,2,0,0,0,0,76.1921134156033,0,0,0,0
970,2,114.20927389770596,F,Colapso,2,0,0,0,0,79.4694496312976,0,0,0,0
971,2,114.20927389770596,F,Colapso,2,0,0,0,0,82.8141244902164,0,0,0,0
972,2,114.20927389770596,F,Colapso,2,0,0,0,0,86.51147712075291,0,0,0,0
973,2,114.20927389770596,F,Colapso,2,0,0,0,0,90.58355015197657,0,0,0,0
974,2,114.20927389770596,F,Colapso,2,0,0,0,0,95.00414488451422,0,0,0,0
975,2,114.20927389770596,F,Colapso,2,0,0,0,0,97.80595309621039,0,0,0,0
976,2,114.20927389770596,F,Colapso,2,0,0,0,0,98.63530379478082,0,0,0,0
977,2,114.20927389770596,F,Colapso,2,0,0,0,0,98.58062227475429,0,0,0,0
978,1,57.10463694885298,E,Saturado,1,0,0,0,0,53.05392045894791,0,0,0,0
979,1,57.10463694885298,E,Saturado,1,0,0,0,0,55.17842803310515,0,0,0,0
980,1,57.10463694885298,E,Saturado,1,0,0,0,0,57.76349803717177,0,0,0,0
981,1,57.10463694885298,E,Saturado,1,0,0,0,0,60.49374427111693,0,0,0,0
982,1,57.10463694885298,E,Saturado,1,0,0,0,0,63.40570122623262,0,0,0,0
983,1,57.10463694885298,E,Saturado,1,0,0,0,0,66.41846292235763,0,0,0,0
984,1,57.10463694885298,E,Saturado,1,0,0,0,0,69.91327725213661,0,0,0,0
985,1,57.10463694885298,E,Saturado,1,0,0,0,0,73.32808436626708,0,0,0,0
986,1,57.10463694885298,E,Saturado,1,0,0,0,0,77.3056898050051,0,0,0,0
987,1,57.10463694885298,E,Saturado,1,0,0,0,0,81.85546476267963,0,0,0,0
988,1,57.10463694885298,E,Saturado,1,0,0,0,0,86.46371665995288,0,0,0,0
989,1,57.10463694885298,E,Saturado,1,0,0,0,0,91.02064166143914,0,0,0,0
990,1,57.10463694885298,E,Saturado,1,0,0,0,0,96.08674252123704,0,0,0,0
991,1,57.10463694885298,E,Saturado,1,0,0,0,0,101.28041069596361,0,0,0,0
992,1,57.10463694885298,E,Saturado,1,0,0,0,0,106.90478743471404,0,0,0,0
993,1,57.10463694885298,E,Saturado,1,0,0,0,0,112.70731418426594,0,0,0,0
994,1,57.10463694885298,E,Saturado,1,0,0,0,0,118.74222594469397,0,0,0,0
995,1,57.10463694885298,E,Saturado,1,0,0,0,0,124.73257730396061,0,0,0,0
996,1,57.10463694885298,E,Saturado,1,0,0,0,0,130.5962772866522,0,0,0,0
997,1,57.10463694885298,E,Saturado,1,0,0,0,0,136.4271179807225,0,0,0,0
998,1,57.10463694885298,E,Saturado,1,0,0,0,0,142.30689268161845,0,0,0,0
999,1,57.10463694885298,E,Saturado,1,0,0,0,0,147.58213661643137,0,0,0,0
1000,1,57.10463694885298,E,Saturado,1,0,0,0,0,152.47959032589762,0,0,0,0
1001,1,57.10463694885298,E,Saturado,1,0,0,0,0,155.85742215340906,0,0,0,0
1002,1,57.10463694885298,E,Saturado,1,0,0,0,0,156.38120150392552,0,0,0,0
1003,1,57.10463694885298,E,Saturado,1,0,0,0,0,151.24610758724833,0,0,0,0
1004,1,57.10463694885298,E,Saturado,1,0,0,0,0,146.34611214882915,0,0,0,0
1005,0,0.0,A,Libre,0,0,0,0,0,0.0,0,0,0,0
1006,0,0.0,A,Libre,0,0,0,0,0,0.0,0,0,0,0
1007,0,0.0,A,Libre,0,0,0,0,0,0.0,0,0,0,0
1008,0,0.0,A,Libre,0,0,0,0,0,0.0,0,0,0,0
1009,0,0.0,A,Libre,0,0,0,0,0,0.0,0,0,0,0
1010,0,0.0,A,Libre,0,0,0,0,0,0.0,0,0,0,0
1011,0,0.0,A,Libre,0,0,0,0,0,0.0,0,0,0,0
1012,0,0.0,A,Libre,0,0,0,0,0,0.0,0,0,0,0
1013,0,0.0,A,Libre,0,0,0,0,0,0.0,0,0,0,0
1014,0,0.0,A,Libre,0,0,0,0,0,0.0,0,0,0,0
1015,0,0.0,A,Libre,0,0,0,0,0,0.0,0,0,0,0
1016,0,0.0,A,Libre,0,0,0,0,0,0.0,0,0,0,0
1017,0,0.0,A,Libre,0,0,0,0,0,0.0,0,0,0,0
1018,0,0.0,A,Libre,0,0,0,0,0,0.0,0,0,0,0
1019,0,0.0,A,Libre,0,0,0,0,0,0.0,0,0,0,0
1020,0,0.0,A,Libre,0,0,0,0,0,0.0,0,0,0,0
1021,0,0.0,A,Libre,0,0,0,0,0,0.0,0,0,0,0
1022,0,0.0,A,Libre,0,0,0,0,0,0.0,0,0,0,0
1023,0,0.0,A,Libre,0,0,0,0,0,0.0,0,0,0,0
1024,0,0.0,A,Libre,0,0,0,0,0,0.0,0,0,0,0
1025,0,0.0,A,Libre,0,0,0,0,0,0.0,0,0,0,0
1026,0,0.0,A,Libre,0,0,0,0,0,0.0,0,0,0,0
1027,0,0.0,A,Libre,0,0,0,0,0,0.0,0,0,0,0
1028,0,0.0,A,Libre,0,0,0,0,0,0.0,0,0,0,0
1029,0,0.0,A,Libre,0,0,0,0,0,0.0,0,0,0,0
1030,0,0.0,A,Libre,0,0,0,0,0,0.0,0,0,0,0
1031,0,0.0,A,Libre,0,0,0,0,0,0.0,0,0,0,0
1032,0,0.0,A,Libre,0,0,0,0,0,0.0,0,0,0,0
1033,0,0.0,A,Libre,0,0,0,0,0,0.0,0,0,0,0
1034,0,0.0,A,Libre,0,0,0,0,0,0.0,0,0,0,0
1035,0,0.0,A,Libre,0,0,0,0,0,0.0,0,0,0,0
1036,0,0.0,A,Libre,0,0,0,0,0,0.0,0,0,0,0
1037,0,0.0,A,Libre,0,0,0,0,0,0.0,0,0,0,0
1038,0,0.0,A,Libre,0,0,0,0,0,0.0,0,0,0,0
1039,0,0.0,A,Libre,0,0,0,0,0,0.0,0,0,0,0
1040,0,0.0,A,Libre,0,0,0,0,0,0.0,0,0,0,0
1041,0,0.0,A,Libre,0,0,0,0,0,0.0,0,0,0,0
1042,0,0.0,A,Libre,0,0,0,0,0,0.0,0,0,0,0
1043,0,0.0,A,Libre,0,0,0,0,0,0.0,0,0,0,0
1044,0,0.0,A,Libre,0,0,0,0,0,0.0,0,0,0,0
1045,0,0.0,A,Libre,0,0,0,0,0,0.0,0,0,0,0
1046,0,0.0,A,Libre,0,0,0,0,0,0.0,0,0,0,0
1047,0,0.0,A,Libre,0,0,0,0,0,0.0,0,0,0,0
1048,0,0.0,A,Libre,0,0,0,0,0,0.0,0,0,0,0
1049,0,0.0,A,Libre,0,0,0,0,0,0.0,0,0,0,0
1050,0,0.0,A,Libre,0,0,0,0,0,0.0,0,0,0,0
1051,0,0.0,A,Libre,0,0,0,0,0,0.0,0,0,0,0
1052,0,0.0,A,Libre,0,0,0,0,0,0.0,0,0,0,0
1053,0,0.0,A,Libre,0,0,0,0,0,0.0,0,0,0,0
1054,0,0.0,A,Libre,0,0,0,0,0,0.0,0,0,0,0
1055,0,0.0,A,Libre,0,0,0,0,0,0.0,0,0,0,0
1056,0,0.0,A,Libre,0,0,0,0,0,0.0,0,0,0,0
1057,0,0.0,A,Libre,0,0,0,0,0,0.0,0,0,0,0
1058,0,0.0,A,Libre,0,0,0,0,0,0.0,0,0,0,0
1059,0,0.0,A,Libre,0,0,0,0,0,0.0,0,0,0,0
1060,0,0.0,A,Libre,0,0,0,0,0,0.0,0,0,0,0
1061,0,0.0,A,Libre,0,0,0,0,0,0.0,0,0,0,0
1062,0,0.0,A,Libre,0,0,0,0,0,0.0,0,0,0,0
1063,0,0.0,A,Libre,0,0,0,0,0,0.0,0,0,0,0
1064,0,0.0,A,Libre,0,0,0,0,0,0.0,0,0,0,0
1065,0,0.0,A,Libre,0,0,0,0,0,0.0,0,0,0,0
1066,0,0.0,A,Libre,0,0,0,0,0,0.0,0,0,0,0
1067,0,0.0,A,Libre,0,0,0,0,0,0.0,0,0,0,0
1068,0,0.0,A,Libre,0,0,0,0,0,0.0,0,0,0,0
1069,0,0.0,A,Libre,0,0,0,0,0,0.0,0,0,0,0
1070,0,0.0,A,Libre,0,0,0,0,0,0.0,0,0,0,0
1071,0,0.0,A,Libre,0,0,0,0,0,0.0,0,0,0,0
1072,0,0.0,A,Libre,0,0,0,0,0,0.0,0,0,0,0
1073,0,0.0,A,Libre,0,0,0,0,0,0.0,0,0,0,0
1074,0,0.0,A,Libre,0,0,0,0,0,0.0,0,0,0,0
1075,0,0.0,A,Libre,0,0,0,0,0,0.0,0,0,0,0
1076,0,0.0,A,Libre,0,0,0,0,0,0.0,0,0,0,0
1077,0,0.0,A,Libre,0,0,0,0,0,0.0,0,0,0,0
1078,0,0.0,A,Libre,0,0,0,0,0,0.0,0,0,0,0
1079,0,0.0,A,Libre,0,0,0,0,0,0.0,0,0,0,0
1080,0,0.0,A,Libre,0,0,0,0,0,0.0,0,0,0,0
1081,0,0.0,A,Libre,0,0,0,0,0,0.0,0,0,0,0
1082,0,0.0,A,Libre,0,0,0,0,0,0.0,0,0,0,0
1083,0,0.0,A,Libre,0,0,0,0,0,0.0,0,0,0,0
1084,0,0.0,A,Libre,0,0,0,0,0,0.0,0,0,0,0
1085,0,0.0,A,Libre,0,0,0,0,0,0.0,0,0,0,0
1086,0,0.0,A,Libre,0,0,0,0,0,0.0,0,0,0,0
1087,0,0.0,A,Libre,0,0,0,0,0,0.0,0,0,0,0
1088,0,0.0,A,Libre,0,0,0,0,0,0.0,0,0,0,0
1089,0,0.0,A,Libre,0,0,0,0,0,0.0,0,0,0,0
1090,0,0.0,A,Libre,0,0,0,0,0,0.0,0,0,0,0
1091,0,0.0,A,Libre,0,0,0,0,0,0.0,0,0,0,0
1092,0,0.0,A,Libre,0,0,0,0,0,0.0,0,0,0,0
1093,0,0.0,A,Libre,0,0,0,0,0,0.0,0,0,0,0
1094,0,0.0,A,Libre,0,0,0,0,0,0.0,0,0,0,0
1095,0,0.0,A,Libre,0,0,0,0,0,0.0,0,0,0,0
1096,0,0.0,A,Libre,0,0,0,0,0,0.0,0,0,0,0
1097,0,0.0,A,Libre,0,0,0,0,0,0.0,0,0,0,0
1098,0,0.0,A,Libre,0,0,0,0,0,0.0,0,0,0,0
1099,0,0.0,A,Libre,0,0,0,0,0,0.0,0,0,0,0
1100,0,0.0,A,Libre,0,0,0,0,0,0.0,0,0,0,0
1101,0,0.0,A,Libre,0,0,0,0,0,0.0,0,0,0,0
1102,0,0.0,A,Libre,0,0,0,0,0,0.0,0,0,0,0
1103,0,0.0,A,Libre,0,0,0,0,0,0.0,0,0,0,0
1104,0,0.0,A,Libre,0,0,0,0,0,0.0,0,0,0,0
1105,0,0.0,A,Libre,0,0,0,0,0,0.0,0,0,0,0
1106,0,0.0,A,Libre,0,0,0,0,0,0.0,0,0,0,0
1107,0,0.0,A,Libre,0,0,0,0,0,0.0,0,0,0,0
1108,0,0.0,A,Libre,0,0,0,0,0,0.0,0,0,0,0
1109,0,0.0,A,Libre,0,0,0,0,0,0.0,0,0,0,0
1110,0,0.0,A,Libre,0,0,0,0,0,0.0,0,0,0,0
1111,0,0.0,A,Libre,0,0,0,0,0,0.0,0,0,0,0
1112,0,0.0,A,Libre,0,0,0,0,0,0.0,0,0,0,0
1113,0,0.0,A,Libre,0,0,0,0,0,0.0,0,0,0,0
1114,0,0.0,A,Libre,0,0,0,0,0,0.0,0,0,0,0
1115,0,0.0,A,Libre,0,0,0,0,0,0.0,0,0,0,0
1116,0,0.0,A,Libre,0,0,0,0,0,0.0,0,0,0,0
1117,0,0.0,A,Libre,0,0,0,0,0,0.0,0,0,0,0
1118,1,57.10463694885298,E,Saturado,1,0,0,0,0,0.0,0,0,0,0
1119,1,57.10463694885298,E,Saturado,1,0,0,0,0,30.182186493484778,0,0,0,0
1120,1,57.10463694885298,E,Saturado,1,0,0,0,0,30.546066978364575,0,0,0,0
1121,1,57.10463694885298,E,Saturado,1,0,0,0,0,28.85953107319116,0,0,0,0
1122,1,57.10463694885298,E,Saturado,1,0,0,0,0,27.311654639589168,0,0,0,0
1123,1,57.10463694885298,E,Saturado,1,0,0,0,0,26.224114942961325,0,0,0,0
1124,1,57.10463694885298,E,Saturado,1,0,0,0,0,25.41115410262983,0,0,0,0
1125,1,57.10463694885298,E,Saturado,1,0,0,0,0,24.948135608544234,0,0,0,0
1126,1,57.10463694885298,E,Saturado,1,0,0,0,0,24.67264767320337,0,0,0,0
1127,1,57.10463694885298,E,Saturado,1,0,0,0,0,24.55058564871269,0,0,0,0
1128,1,57.10463694885298,E,Saturado,1,0,0,0,0,24.145474699509187,0,0,0,0
1129,1,57.10463694885298,E,Saturado,1,0,0,0,0,23.697761167389572,0,0,0,0
1130,1,57.10463694885298,E,Saturado,1,0,0,0,0,23.794263860418027,0,0,0,0
1131,1,57.10463694885298,E,Saturado,1,0,0,0,0,24.175451644610384,0,0,0,0
1132,1,57.10463694885298,E,Saturado,1,0,0,0,0,24.82893931597151,0,0,0,0
1133,1,57.10463694885298,E,Saturado,1,0,0,0,0,25.612682008885837,0,0,0,0
1134,1,57.10463694885298,E,Saturado,1,0,0,0,0,26.524610275122622,0,0,0,0
1135,1,57.10463694885298,E,Saturado,1,0,0,0,0,27.371003151782023,0,0,0,0
1136,1,57.10463694885298,E,Saturado,1,0,0,0,0,28.351698352618552,0,0,0,0
1137,1,57.10463694885298,E,Saturado,1,0,0,0,0,29.229862841101703,0,0,0,0
1138,1,57.10463694885298,E,Saturado,1,0,0,0,0,30.134887221958547,0,0,0,0
1139,1,57.10463694885298,E,Saturado,1,0,0,0,0,30.995875003904892,0,0,0,0
1140,1,57.10463694885298,E,Saturado,1,0,0,0,0,32.021625785075514,0,0,0,0
1141,1,57.10463694885298,E,Saturado,1,0,0,0,0,32.95846471236603,0,0,0,0
1142,1,57.10463694885298,E,Saturado,1,0,0,0,0,33.83472290413899,0,0,0,0
1143,1,57.10463694885298,E,Saturado,1,0,0,0,0,34.65250701862137,0,0,0,0
1144,1,57.10463694885298,E,Saturado,1,0,0,0,0,35.588524463697105,0,0,0,0
1145,1,57.10463694885298,E,Saturado,1,0,0,0,0,36.39749267147544,0,0,0,0
1146,1,57.10463694885298,E,Saturado,1,0,0,0,0,37.38542092303809,0,0,0,0
1147,1,57.10463694885298,E,Saturado,1,0,0,0,0,38.34280263033349,0,0,0,0
1148,1,57.10463694885298,E,Saturado,1,0,0,0,0,39.44651980199522,0,0,0,0
1149,1,57.10463694885298,E,Saturado,1,0,0,0,0,40.47737407720841,0,0,0,0
1150,1,57.10463694885298,E,Saturado,1,0,0,0,0,41.71853924884531,0,0,0,0
1151,1,57.10463694885298,E,Saturado,1,0,0,0,0,43.06929930742965,0,0,0,0
1152,1,57.10463694885298,E,Saturado,1,0,0,0,0,44.62610828676162,0,0,0,0
1153,1,57.10463694885298,E,Saturado,1,0,0,0,0,46.32990533653969,0,0,0,0
1154,1,57.10463694885298,E,Saturado,1,0,0,0,0,48.16709735905571,0,0,0,0
1155,1,57.10463694885298,E,Saturado,1,0,0,0,0,50.10451307418534,0,0,0,0
1156,1,57.10463694885298,E,Saturado,1,0,0,0,0,52.17705259570528,0,0,0,0
1157,1,57.10463694885298,E,Saturado,1,0,0,0,0,54.4371877423488,0,0,0,0
1158,1,57.10463694885298,E,Saturado,1,0,0,0,0,56.701582002362265,0,0,0,0
1159,1,57.10463694885298,E,Saturado,1,0,0,0,0,58.93471414126615,0,0,0,0
1160,1,57.10463694885298,E,Saturado,1,0,0,0,0,61.25709302401052,0,0,0,0
1161,1,57.10463694885298,E,Saturado,1,0,0,0,0,63.382676825736674,0,0,0,0
1162,1,57.10463694885298,E,Saturado,1,0,0,0,0,65.45804430693956,0,0,0,0
1163,1,57.10463694885298,E,Saturado,1,0,0,0,0,67.29313825815498,0,0,0,0
1164,2,114.20927389770596,F,Colapso,2,0,0,0,0,34.509726540012124,0,0,0,0
1165,2,114.20927389770596,F,Colapso,2,0,0,0,0,51.002476679436015,0,0,0,0
1166,2,114.20927389770596,F,Colapso,2,0,0,0,0,53.11563556265506,0,0,0,0
1167,2,114.20927389770596,F,Colapso,2,0,0,0,0,54.19269445571827,0,0,0,0
1168,2,114.20927389770596,F,Colapso,2,0,0,0,0,54.72623212764118,0,0,0,0
1169,2,114.20927389770596,F,Colapso,2,0,0,0,0,55.23865355627555,0,0,0,0
1170,2,114.20927389770596,F,Colapso,2,0,0,0,0,55.66672479029105,0,0,0,0
1171,2,114.20927389770596,F,Colapso,2,0,0,0,0,56.199129704071574,0,0,0,0
1172,2,114.20927389770596,F,Colapso,2,0,0,0,0,56.93067106629721,0,0,0,0
1173,2,114.20927389770596,F,Colapso,2,0,0,0,0,57.628754917659364,0,0,0,0
1174,2,114.20927389770596,F,Colapso,2,0,0,0,0,58.44439373276824,0,0,0,0
1175,2,114.20927389770596,F,Colapso,2,0,0,0,0,58.9325731353523,0,0,0,0
1176,2,114.20927389770596,F,Colapso,2,0,0,0,0,59.41410053560371,0,0,0,0
1177,2,114.20927389770596,F,Colapso,2,0,0,0,0,59.839277690634766,0,0,0,0
1178,2,114.20927389770596,F,Colapso,2,0,0,0,0,60.28633575436832,0,0,0,0
1179,2,114.20927389770596,F,Colapso,2,0,0,0,0,60.84540878592847,0,0,0,0
1180,2,114.20927389770596,F,Colapso,2,0,0,0,0,61.31328441117169,0,0,0,0
1181,2,114.20927389770596,F,Colapso,2,0,0,0,0,60.35985125689665,0,0,0,0
1182,2,114.20927389770596,F,Colapso,2,0,0,0,0,59.69309535971516,0,0,0,0
1183,2,114.20927389770596,F,Colapso,2,0,0,0,0,58.411010641895004,0,1,0,1
1184,1,57.10463694885298,E,Saturado,1,0,0,0,0,30.79106259994075,0,0,0,0
1185,1,57.10463694885298,E,Saturado,1,0,0,0,0,31.024990394488018,0,0,0,0
1186,1,57.10463694885298,E,Saturado,1,0,0,0,0,31.66957915223132,0,0,0,0
1187,1,57.10463694885298,E,Saturado,1,0,0,0,0,32.24243848724531,0,0,0,0
1188,1,57.10463694885298,E,Saturado,1,0,0,0,0,32.97707829720179,0,0,0,0
1189,1,57.10463694885298,E,Saturado,1,0,0,0,0,33.70744181994613,0,0,0,0
1190,1,57.10463694885298,E,Saturado,1,0,0,0,0,34.5829472248812,0,0,0,0
1191,1,57.10463694885298,E,Saturado,1,0,0,0,0,35.78901192122215,0,0,0,0
1192,1,57.10463694885298,E,Saturado,1,0,0,0,0,37.40702561907781,0,0,0,0
1193,1,57.10463694885298,E,Saturado,1,0,0,0,0,39.194264653349286,0,0,0,0
1194,1,57.10463694885298,E,Saturado,1,0,0,0,0,41.12680872133158,0,0,0,0
1195,1,57.10463694885298,E,Saturado,1,0,0,0,0,43.29402764608333,0,0,0,0
1196,1,57.10463694885298,E,Saturado,1,0,0,0,0,45.73023476837657,0,0,0,0
1197,1,57.10463694885298,E,Saturado,1,0,0,0,0,48.037915702768544,0,0,0,0
1198,1,57.10463694885298,E,Saturado,1,0,0,0,0,50.44188179482874,0,0,0,0
1199,1,57.10463694885298,E,Saturado,1,0,0,0,0,52.800881038082196,0,0,0,0
1200,1,57.10463694885298,E,Saturado,1,0,0,0,0,54.91458626421958,0,0,0,0
1201,1,57.10463694885298,E,Saturado,1,0,0,0,0,56.758461774449074,0,0,0,0
1202,1,57.10463694885298,E,Saturado,1,0,0,0,0,58.43615171869076,0,0,0,0
1203,1,57.10463694885298,E,Saturado,1,0,0,0,0,60.04654309201624,0,0,0,0
1204,1,57.10463694885298,E,Saturado,1,0,0,0,0,61.40806828862505,0,0,0,0
1205,1,57.10463694885298,E,Saturado,1,0,0,0,0,62.40830159957845,0,0,0,0
1206,1,57.10463694885298,E,Saturado,1,0,0,0,0,63.63152010399584,0,0,0,0
1207,1,57.10463694885298,E,Saturado,1,0,0,0,0,64.73882088448569,0,0,0,0
1208,1,57.10463694885298,E,Saturado,1,0,0,0,0,65.57480927385207,0,0,0,0
1209,1,57.10463694885298,E,Saturado,1,0,0,0,0,66.34719719342326,0,0,0,0
1210,1,57.10463694885298,E,Saturado,1,0,0,0,0,67.15719010723897,0,0,0,0
1211,1,57.10463694885298,E,Saturado,1,0,0,0,0,67.95643791918545,0,0,0,0
1212,1,57.10463694885298,E,Saturado,1,0,0,0,0,68.63496505543205,0,0,0,0
1213,1,57.10463694885298,E,Saturado,1,0,0,0,0,69.38262263931391,0,0,0,0
1214,1,57.10463694885298,E,Saturado,1,0,0,0,0,70.32650284273652,0,0,0,0
1215,1,57.10463694885298,E,Saturado,1,0,0,0,0,71.15664640045051,0,0,0,0
1216,1,57.10463694885298,E,Saturado,1,0,0,0,0,72.15070857671107,0,0,0,0
1217,1,57.10463694885298,E,Saturado,1,0,0,0,0,73.37787134068608,0,0,0,0
1218,1,57.10463694885298,E,Saturado,1,0,0,0,0,74.67694099044839,0,0,0,0
1219,1,57.10463694885298,E,Saturado,1,0,0,0,0,76.05570300204842,0,0,0,0
1220,1,57.10463694885298,E,Saturado,1,0,0,0,0,77.29503629696858,0,0,0,0
1221,1,57.10463694885298,E,Saturado,1,0,0,0,0,78.76276454628439,0,0,0,0
1222,1,57.10463694885298,E,Saturado,1,0,0,0,0,80.26560185782026,0,0,0,0
1223,1,57.10463694885298,E,Saturado,1,0,0,0,0,81.91133700257033,0,0,0,0
1224,1,57.10463694885298,E,Saturado,1,0,0,0,0,82.3460012753841,0,0,0,0
1225,1,57.10463694885298,E,Saturado,1,0,0,0,0,81.46585320789059,0,0,0,0
1226,1,57.10463694885298,E,Saturado,1,0,0,0,0,79.26447550696885,0,0,0,0
1227,0,0.0,A,Libre,0,0,0,0,0,0.0,0,0,0,0
1228,0,0.0,A,Libre,0,0,0,0,0,0.0,0,0,0,0
1229,0,0.0,A,Libre,0,0,0,0,0,0.0,0,0,0,0
1230,0,0.0,A,Libre,0,0,0,0,0,0.0,0,0,0,0
1231,0,0.0,A,Libre,0,0,0,0,0,0.0,0,0,0,0
1232,0,0.0,A,Libre,0,0,0,0,0,0.0,0,0,0,0
1233,0,0.0,A,Libre,0,0,0,0,0,0.0,0,0,0,0
1234,0,0.0,A,Libre,0,0,0,0,0,0.0,0,0,0,0
1235,0,0.0,A,Libre,0,0,0,0,0,0.0,0,0,0,0
1236,0,0.0,A,Libre,0,0,0,0,0,0.0,0,0,0,0
1237,0,0.0,A,Libre,0,0,0,0,0,0.0,0,0,0,0
1238,0,0.0,A,Libre,0,0,0,0,0,0.0,0,0,0,0
1239,0,0.0,A,Libre,0,0,0,0,0,0.0,0,0,0,0
1240,0,0.0,A,Libre,0,0,0,0,0,0.0,0,0,0,0
1241,0,0.0,A,Libre,0,0,0,0,0,0.0,0,0,0,0
1242,0,0.0,A,Libre,0,0,0,0,0,0.0,0,0,0,0
1243,0,0.0,A,Libre,0,0,0,0,0,0.0,0,0,0,0
1244,0,0.0,A,Libre,0,0,0,0,0,0.0,0,0,0,0
1245,0,0.0,A,Libre,0,0,0,0,0,0.0,0,0,0,0
1246,0,0.0,A,Libre,0,0,0,0,0,0.0,0,0,0,0
1247,0,0.0,A,Libre,0,0,0,0,0,0.0,0,0,0,0
1248,0,0.0,A,Libre,0,0,0,0,0,0.0,0,0,0,0
1249,0,0.0,A,Libre,0,0,0,0,0,0.0,0,0,0,0
1250,0,0.0,A,Libre,0,0,0,0,0,0.0,0,0,0,0
1251,0,0.0,A,Libre,0,0,0,0,0,0.0,0,0,0,0
1252,0,0.0,A,Libre,0,0,0,0,0,0.0,0,0,0,0
1253,0,0.0,A,Libre,0,0,0,0,0,0.0,0,0,0,0
1254,0,0.0,A,Libre,0,0,0,0,0,0.0,0,0,0,0
1255,0,0.0,A,Libre,0,0,0,0,0,0.0,0,0,0,0
1256,0,0.0,A,Libre,0,0,0,0,0,0.0,0,0,0,0
1257,0,0.0,A,Libre,0,0,0,0,0,0.0,0,0,0,0
1258,0,0.0,A,Libre,0,0,0,0,0,0.0,0,0,0,0
1259,0,0.0,A,Libre,0,0,0,0,0,0.0,0,0,0,0
1260,0,0.0,A,Libre,0,0,0,0,0,0.0,0,0,0,0
1261,0,0.0,A,Libre,0,0,0,0,0,0.0,0,0,0,0
1262,0,0.0,A,Libre,0,0,0,0,0,0.0,0,0,0,0
1263,0,0.0,A,Libre,0,0,0,0,0,0.0,0,0,0,0
1264,0,0.0,A,Libre,0,0,0,0,0,0.0,0,0,0,0
1265,0,0.0,A,Libre,0,0,0,0,0,0.0,0,0,0,0
1266,0,0.0,A,Libre,0,0,0,0,0,0.0,0,0,0,0
1267,0,0.0,A,Libre,0,0,0,0,0,0.0,0,0,0,0
1268,0,0.0,A,Libre,0,0,0,0,0,0.0,0,0,0,0
1269,0,0.0,A,Libre,0,0,0,0,0,0.0,0,0,0,0
1270,0,0.0,A,Libre,0,0,0,0,0,0.0,0,0,0,0
1271,0,0.0,A,Libre,0,0,0,0,0,0.0,0,0,0,0
1272,0,0.0,A,Libre,0,0,0,0,0,0.0,0,0,0,0
1273,0,0.0,A,Libre,0,0,0,0,0,0.0,0,0,0,0
1274,0,0.0,A,Libre,0,0,0,0,0,0.0,0,0,0,0
1275,0,0.0,A,Libre,0,0,0,0,0,0.0,0,0,0,0
1276,0,0.0,A,Libre,0,0,0,0,0,0.0,0,0,0,0
1277,0,0.0,A,Libre,0,0,0,0,0,0.0,0,0,0,0
1278,0,0.0,A,Libre,0,0,0,0,0,0.0,0,0,0,0
1279,0,0.0,A,Libre,0,0,0,0,0,0.0,0,0,0,0
1280,0,0.0,A,Libre,0,0,0,0,0,0.0,0,0,0,0
1281,0,0.0,A,Libre,0,0,0,0,0,0.0,0,0,0,0
1282,0,0.0,A,Libre,0,0,0,0,0,0.0,0,0,0,0
1283,0,0.0,A,Libre,0,0,0,0,0,0.0,0,0,0,0
1284,0,0.0,A,Libre,0,0,0,0,0,0.0,0,0,0,0
1285,0,0.0,A,Libre,0,0,0,0,0,0.0,0,0,0,0
1286,0,0.0,A,Libre,0,0,0,0,0,0.0,0,0,0,0
1287,0,0.0,A,Libre,0,0,0,0,0,0.0,0,0,0,0
1288,0,0.0,A,Libre,0,0,0,0,0,0.0,0,0,0,0
1289,0,0.0,A,Libre,0,0,0,0,0,0.0,0,0,0,0
1290,0,0.0,A,Libre,0,0,0,0,0,0.0,0,0,0,0
1291,0,0.0,A,Libre,0,0,0,0,0,0.0,0,0,0,0
1292,0,0.0,A,Libre,0,0,0,0,0,0.0,0,0,0,0
1293,0,0.0,A,Libre,0,0,0,0,0,0.0,0,0,0,0
1294,0,0.0,A,Libre,0,0,0,0,0,0.0,0,0,0,0
1295,0,0.0,A,Libre,0,0,0,0,0,0.0,0,0,0,0
1296,0,0.0,A,Libre,0,0,0,0,0,0.0,0,0,0,0
1297,0,0.0,A,Libre,0,0,0,0,0,0.0,0,0,0,0
1298,0,0.0,A,Libre,0,0,0,0,0,0.0,0,0,0,0
1299,0,0.0,A,Libre,0,0,0,0,0,0.0,0,0,0,0
1300,0,0.0,A,Libre,0,0,0,0,0,0.0,0,0,0,0
1301,0,0.0,A,Libre,0,0,0,0,0,0.0,0,0,0,0
1302,0,0.0,A,Libre,0,0,0,0,0,0.0,0,0,0,0
1303,0,0.0,A,Libre,0,0,0,0,0,0.0,0,0,0,0
1304,0,0.0,A,Libre,0,0,0,0,0,0.0,0,0,0,0
1305,0,0.0,A,Libre,0,0,0,0,0,0.0,0,0,0,0
1306,0,0.0,A,Libre,0,0,0,0,0,0.0,0,0,0,0
1307,0,0.0,A,Libre,0,0,0,0,0,0.0,0,0,0,0
1308,0,0.0,A,Libre,0,0,0,0,0,0.0,0,0,0,0
1309,0,0.0,A,Libre,0,0,0,0,0,0.0,0,0,0,0
1310,0,0.0,A,Libre,0,0,0,0,0,0.0,0,0,0,0
1311,0,0.0,A,Libre,0,0,0,0,0,0.0,0,0,0,0
1312,0,0.0,A,Libre,0,0,0,0,0,0.0,0,0,0,0
1313,0,0.0,A,Libre,0,0,0,0,0,0.0,0,0,0,0
1314,0,0.0,A,Libre,0,0,0,0,0,0.0,0,0,0,0
1315,0,0.0,A,Libre,0,0,0,0,0,0.0,0,0,0,0
1316,0,0.0,A,Libre,0,0,0,0,0,0.0,0,0,0,0
1317,0,0.0,A,Libre,0,0,0,0,0,0.0,0,0,0,0
1318,0,0.0,A,Libre,0,0,0,0,0,0.0,0,0,0,0
1319,0,0.0,A,Libre,0,0,0,0,0,0.0,0,0,0,0
1320,0,0.0,A,Libre,0,0,0,0,0,0.0,0,0,0,0
1321,0,0.0,A,Libre,0,0,0,0,0,0.0,0,0,0,0
1322,0,0.0,A,Libre,0,0,0,0,0,0.0,0,0,0,0
1323,0,0.0,A,Libre,0,0,0,0,0,0.0,0,0,0,0
1324,0,0.0,A,Libre,0,0,0,0,0,0.0,0,0,0,0
1325,0,0.0,A,Libre,0,0,0,0,0,0.0,0,0,0,0
1326,0,0.0,A,Libre,0,0,0,0,0,0.0,0,0,0,0
1327,0,0.0,A,Libre,0,0,0,0,0,0.0,0,0,0,0
1328,0,0.0,A,Libre,0,0,0,0,0,0.0,0,0,0,0
1329,0,0.0,A,Libre,0,0,0,0,0,0.0,0,0,0,0
1330,0,0.0,A,Libre,0,0,0,0,0,0.0,0,0,0,0
1331,0,0.0,A,Libre,0,0,0,0,0,0.0,0,0,0,0
1332,0,0.0,A,Libre,0,0,0,0,0,0.0,0,0,0,0
1333,0,0.0,A,Libre,0,0,0,0,0,0.0,0,0,0,0
1334,0,0.0,A,Libre,0,0,0,0,0,0.0,0,0,0,0
1335,0,0.0,A,Libre,0,0,0,0,0,0.0,0,0,0,0
1336,0,0.0,A,Libre,0,0,0,0,0,0.0,0,0,0,0
1337,0,0.0,A,Libre,0,0,0,0,0,0.0,0,0,0,0
1338,0,0.0,A,Libre,0,0,0,0,0,0.0,0,0,0,0
1339,0,0.0,A,Libre,0,0,0,0,0,0.0,0,0,0,0
1340,0,0.0,A,Libre,0,0,0,0,0,0.0,0,0,0,0
1341,0,0.0,A,Libre,0,0,0,0,0,0.0,0,0,0,0
1342,0,0.0,A,Libre,0,0,0,0,0,0.0,0,0,0,0
1343,0,0.0,A,Libre,0,0,0,0,0,0.0,0,0,0,0
1344,0,0.0,A,Libre,0,0,0,0,0,0.0,0,0,0,0
1345,0,0.0,A,Libre,0,0,0,0,0,0.0,0,0,0,0
1346,0,0.0,A,Libre,0,0,0,0,0,0.0,0,0,0,0
1347,0,0.0,A,Libre,0,0,0,0,0,0.0,0,0,0,0
1348,0,0.0,A,Libre,0,0,0,0,0,0.0,0,0,0,0
1349,0,0.0,A,Libre,0,0,0,0,0,0.0,0,0,0,0
1350,0,0.0,A,Libre,0,0,0,0,0,0.0,0,0,0,0
1351,0,0.0,A,Libre,0,0,0,0,0,0.0,0,0,0,0
1352,0,0.0,A,Libre,0,0,0,0,0,0.0,0,0,0,0
1353,0,0.0,A,Libre,0,0,0,0,0,0.0,0,0,0,0
1354,0,0.0,A,Libre,0,0,0,0,0,0.0,0,0,0,0
1355,0,0.0,A,Libre,0,0,0,0,0,0.0,0,0,0,0
1356,0,0.0,A,Libre,0,0,0,0,0,0.0,0,0,0,0
1357,0,0.0,A,Libre,0,0,0,0,0,0.0,0,0,0,0
1358,0,0.0,A,Libre,0,0,0,0,0,0.0,0,0,0,0
1359,0,0.0,A,Libre,0,0,0,0,0,0.0,0,0,0,0
1360,0,0.0,A,Libre,0,0,0,0,0,0.0,0,0,0,0
1361,0,0.0,A,Libre,0,0,0,0,0,0.0,0,0,0,0
1362,0,0.0,A,Libre,0,0,0,0,0,0.0,0,0,0,0
1363,0,0.0,A,Libre,0,0,0,0,0,0.0,0,0,0,0
1364,0,0.0,A,Libre,0,0,0,0,0,0.0,0,0,0,0
1365,0,0.0,A,Libre,0,0,0,0,0,0.0,0,0,0,0
1366,0,0.0,A,Libre,0,0,0,0,0,0.0,0,0,0,0
1367,0,0.0,A,Libre,0,0,0,0,0,0.0,0,0,0,0
1368,0,0.0,A,Libre,0,0,0,0,0,0.0,0,0,0,0
1369,0,0.0,A,Libre,0,0,0,0,0,0.0,0,0,0,0
1370,0,0.0,A,Libre,0,0,0,0,0,0.0,0,0,0,0
1371,0,0.0,A,Libre,0,0,0,0,0,0.0,0,0,0,0
1372,0,0.0,A,Libre,0,0,0,0,0,0.0,0,0,0,0
1373,0,0.0,A,Libre,0,0,0,0,0,0.0,0,0,0,0
1374,0,0.0,A,Libre,0,0,0,0,0,0.0,0,0,0,0
1375,1,57.10463694885298,E,Saturado,1,0,0,0,0,0.0,0,0,0,0
1376,1,57.10463694885298,E,Saturado,1,0,0,0,0,64.25032662809535,0,0,0,0
1377,1,57.10463694885298,E,Saturado,1,0,0,0,0,67.50834870922596,0,0,0,0
1378,1,57.10463694885298,E,Saturado,1,0,0,0,0,67.34449520817043,0,0,0,0
1379,1,57.10463694885298,E,Saturado,1,0,0,0,0,65.85935053407073,0,0,0,0
1380,1,57.10463694885298,E,Saturado,1,0,0,0,0,64.21273394176819,0,0,0,0
1381,1,57.10463694885298,E,Saturado,1,0,0,0,0,62.733219283156785,0,0,0,0
1382,1,57.10463694885298,E,Saturado,1,0,0,0,0,61.29860097880731,0,0,0,0
1383,1,57.10463694885298,E,Saturado,1,0,0,0,0,59.93877936621273,0,0,0,0
1384,1,57.10463694885298,E,Saturado,1,0,0,0,0,58.68425079703474,0,0,0,0
1385,1,57.10463694885298,E,Saturado,1,0,0,0,0,56.886452710870856,0,0,0,0
1386,1,57.10463694885298,E,Saturado,1,0,0,0,0,53.92786876867289,0,0,0,0
1387,1,57.10463694885298,E,Saturado,1,0,0,0,0,51.350486922206045,0,0,0,0
1388,1,57.10463694885298,E,Saturado,1,0,0,0,0,48.79164710289262,0,0,0,0
1389,1,57.10463694885298,E,Saturado,1,0,0,0,0,46.3419756867251,0,0,0,0
1390,1,57.10463694885298,E,Saturado,1,0,0,0,0,44.110263252277754,0,0,0,0
1391,1,57.10463694885298,E,Saturado,1,0,0,0,0,41.92295092977844,0,0,0,0
1392,0,0.0,A,Libre,0,0,0,0,0,0.0,0,0,0,0
1393,0,0.0,A,Libre,0,0,0,0,0,0.0,0,0,0,0
1394,0,0.0,A,Libre,0,0,0,0,0,0.0,0,0,0,0
1395,0,0.0,A,Libre,0,0,0,0,0,0.0,0,0,0,0
1396,0,0.0,A,Libre,0,0,0,0,0,0.0,0,0,0,0
1397,0,0.0,A,Libre,0,0,0,0,0,0.0,0,0,0,0
1398,0,0.0,A,Libre,0,0,0,0,0,0.0,0,0,0,0
1399,0,0.0,A,Libre,0,0,0,0,0,0.0,0,0,0,0
1400,0,0.0,A,Libre,0,0,0,0,0,0.0,0,0,0,0
1401,0,0.0,A,Libre,0,0,0,0,0,0.0,0,0,0,0
1402,0,0.0,A,Libre,0,0,0,0,0,0.0,0,0,0,0
1403,0,0.0,A,Libre,0,0,0,0,0,0.0,0,0,0,0
1404,0,0.0,A,Libre,0,0,0,0,0,0.0,0,0,0,0
1405,0,0.0,A,Libre,0,0,0,0,0,0.0,0,0,0,0
1406,0,0.0,A,Libre,0,0,0,0,0,0.0,0,0,0,0
1407,0,0.0,A,Libre,0,0,0,0,0,0.0,0,0,0,0
1408,0,0.0,A,Libre,0,0,0,0,0,0.0,0,0,0,0
1409,0,0.0,A,Libre,0,0,0,0,0,0.0,0,0,0,0
1410,0,0.0,A,Libre,0,0,0,0,0,0.0,0,0,0,0
1411,0,0.0,A,Libre,0,0,0,0,0,0.0,0,0,0,0
1412,0,0.0,A,Libre,0,0,0,0,0,0.0,0,0,0,0
1413,0,0.0,A,Libre,0,0,0,0,0,0.0,0,0,0,0
1414,0,0.0,A,Libre,0,0,0,0,0,0.0,0,0,0,0
1415,0,0.0,A,Libre,0,0,0,0,0,0.0,0,0,0,0
1416,0,0.0,A,Libre,0,0,0,0,0,0.0,0,0,0,0
1417,0,0.0,A,Libre,0,0,0,0,0,0.0,0,0,0,0
1418,0,0.0,A,Libre,0,0,0,0,0,0.0,0,0,0,0
1419,0,0.0,A,Libre,0,0,0,0,0,0.0,0,0,0,0
1420,0,0.0,A,Libre,0,0,0,0,0,0.0,0,0,0,0
1421,0,0.0,A,Libre,0,0,0,0,0,0.0,0,0,0,0
1422,0,0.0,A,Libre,0,0,0,0,0,0.0,0,0,0,0
1423,0,0.0,A,Libre,0,0,0,0,0,0.0,0,0,0,0
1424,0,0.0,A,Libre,0,0,0,0,0,0.0,0,0,0,0
1425,0,0.0,A,Libre,0,0,0,0,0,0.0,0,0,0,0
1426,0,0.0,A,Libre,0,0,0,0,0,0.0,0,0,0,0
1427,0,0.0,A,Libre,0,0,0,0,0,0.0,0,0,0,0
1428,0,0.0,A,Libre,0,0,0,0,0,0.0,0,0,0,0
1429,0,0.0,A,Libre,0,0,0,0,0,0.0,0,0,0,0
1430,0,0.0,A,Libre,0,0,0,0,0,0.0,0,0,0,0
1431,0,0.0,A,Libre,0,0,0,0,0,0.0,0,0,0,0
1432,0,0.0,A,Libre,0,0,0,0,0,0.0,0,0,0,0
1433,0,0.0,A,Libre,0,0,0,0,0,0.0,0,0,0,0
1434,0,0.0,A,Libre,0,0,0,0,0,0.0,0,0,0,0
1435,0,0.0,A,Libre,0,0,0,0,0,0.0,0,0,0,0
1436,0,0.0,A,Libre,0,0,0,0,0,0.0,0,0,0,0
1437,0,0.0,A,Libre,0,0,0,0,0,0.0,0,0,0,0
1438,0,0.0,A,Libre,0,0,0,0,0,0.0,0,0,0,0
1439,0,0.0,A,Libre,0,0,0,0,0,0.0,0,0,0,0
1440,0,0.0,A,Libre,0,0,0,0,0,0.0,0,0,0,0
1441,0,0.0,A,Libre,0,0,0,0,0,0.0,0,0,0,0
1442,0,0.0,A,Libre,0,0,0,0,0,0.0,0,0,0,0
1443,0,0.0,A,Libre,0,0,0,0,0,0.0,0,0,0,0
1444,0,0.0,A,Libre,0,0,0,0,0,0.0,0,0,0,0
1445,0,0.0,A,Libre,0,0,0,0,0,0.0,0,0,0,0
1446,0,0.0,A,Libre,0,0,0,0,0,0.0,0,0,0,0
1447,0,0.0,A,Libre,0,0,0,0,0,0.0,0,0,0,0
1448,0,0.0,A,Libre,0,0,0,0,0,0.0,0,0,0,0
1449,0,0.0,A,Libre,0,0,0,0,0,0.0,0,0,0,0
1450,0,0.0,A,Libre,0,0,0,0,0,0.0,0,0,0,0
1451,0,0.0,A,Libre,0,0,0,0,0,0.0,0,0,0,0
1452,0,0.0,A,Libre,0,0,0,0,0,0.0,0,0,0,0
1453,0,0.0,A,Libre,0,0,0,0,0,0.0,0,0,0,0
1454,0,0.0,A,Libre,0,0,0,0,0,0.0,0,0,0,0
1455,0,0.0,A,Libre,0,0,0,0,0,0.0,0,0,0,0
1456,0,0.0,A,Libre,0,0,0,0,0,0.0,0,0,0,0
1457,0,0.0,A,Libre,0,0,0,0,0,0.0,0,0,0,0
1458,0,0.0,A,Libre,0,0,0,0,0,0.0,0,0,0,0
1459,0,0.0,A,Libre,0,0,0,0,0,0.0,0,0,0,0
1460,0,0.0,A,Libre,0,0,0,0,0,0.0,0,0,0,0
1461,0,0.0,A,Libre,0,0,0,0,0,0.0,0,0,0,0
1462,0,0.0,A,Libre,0,0,0,0,0,0.0,0,0,0,0
1463,0,0.0,A,Libre,0,0,0,0,0,0.0,0,0,0,0
1464,0,0.0,A,Libre,0,0,0,0,0,0.0,0,0,0,0
1465,0,0.0,A,Libre,0,0,0,0,0,0.0,0,0,0,0
1466,0,0.0,A,Libre,0,0,0,0,0,0.0,0,0,0,0
1467,0,0.0,A,Libre,0,0,0,0,0,0.0,0,0,0,0
1468,0,0.0,A,Libre,0,0,0,0,0,0.0,0,0,0,0
1469,0,0.0,A,Libre,0,0,0,0,0,0.0,0,0,0,0
1470,0,0.0,A,Libre,0,0,0,0,0,0.0,0,0,0,0
1471,0,0.0,A,Libre,0,0,0,0,0,0.0,0,0,0,0
1472,0,0.0,A,Libre,0,0,0,0,0,0.0,0,0,0,0
1473,0,0.0,A,Libre,0,0,0,0,0,0.0,0,0,0,0
1474,0,0.0,A,Libre,0,0,0,0,0,0.0,0,0,0,0
1475,0,0.0,A,Libre,0,0,0,0,0,0.0,0,0,0,0
1476,0,0.0,A,Libre,0,0,0,0,0,0.0,0,0,0,0
1477,0,0.0,A,Libre,0,0,0,0,0,0.0,0,0,0,0
1478,0,0.0,A,Libre,0,0,0,0,0,0.0,0,0,0,0
1479,0,0.0,A,Libre,0,0,0,0,0,0.0,0,0,0,0
1480,0,0.0,A,Libre,0,0,0,0,0,0.0,0,0,0,0
1481,0,0.0,A,Libre,0,0,0,0,0,0.0,0,0,0,0
1482,0,0.0,A,Libre,0,0,0,0,0,0.0,0,0,0,0
1483,0,0.0,A,Libre,0,0,0,0,0,0.0,0,0,0,0
1484,0,0.0,A,Libre,0,0,0,0,0,0.0,0,0,0,0
1485,0,0.0,A,Libre,0,0,0,0,0,0.0,0,0,0,0
1486,0,0.0,A,Libre,0,0,0,0,0,0.0,0,0,0,0
1487,0,0.0,A,Libre,0,0,0,0,0,0.0,0,0,0,0
1488,0,0.0,A,Libre,0,0,0,0,0,0.0,0,0,0,0
1489,0,0.0,A,Libre,0,0,0,0,0,0.0,0,0,0,0
1490,0,0.0,A,Libre,0,0,0,0,0,0.0,0,0,0,0
1491,0,0.0,A,Libre,0,0,0,0,0,0.0,0,0,0,0
1492,0,0.0,A,Libre,0,0,0,0,0,0.0,0,0,0,0
1493,0,0.0,A,Libre,0,0,0,0,0,0.0,0,0,0,0
1494,0,0.0,A,Libre,0,0,0,0,0,0.0,0,0,0,0
1495,0,0.0,A,Libre,0,0,0,0,0,0.0,0,0,0,0
1496,0,0.0,A,Libre,0,0,0,0,0,0.0,0,0,0,0
1497,0,0.0,A,Libre,0,0,0,0,0,0.0,0,0,0,0
1498,0,0.0,A,Libre,0,0,0,0,0,0.0,0,0,0,0
1499,0,0.0,A,Libre,0,0,0,0,0,0.0,0,0,0,0
